Workbook

Sheet Read me
A1: HE-Austenite v1.0
A2: Hydrogen embrittlement of austenitic stainless steels in gaseous hydrogen: base metal and welds
A4: Scope: gaseous hydrogen only. Tested in high-pressure hydrogen gas, or thermally precharged in hydrogen gas and then tested.
A5: Electrochemically charged studies are excluded: cathodic fugacity cannot be converted to an equivalent gas pressure without assumptions.
A7: Release 1.0, 23 September 2026. The 'verified' column marks rows that were independently re-extracted and matched against the source.
A8: Derived values (nickel equivalent, relative ratio) are flagged in the 'derived' column and were not reported as such by the source.
A9: Sources whose data appears only in figures are listed in the Extraction log sheet and are not in the Data sheet.
A11: Compiled by Muhammad Faizan, September 2026. Data CC BY 4.0; code MIT.

Sheet Data
A1: record id | B1: source id | C1: source short | D1: alloy | E1: heat | F1: material family | G1: product form | H1: is weld | I1: zone | J1: weld process | K1: filler metal | L1: ferrite number | M1: hydrogen exposure | N1: h2 pressure MPa | O1: hydrogen content wppm | P1: charging time h | Q1: test temperature K | R1: test temperature C | S1: strain rate per s | T1: test type | U1: property name | V1: reference environment | W1: property reference | X1: property h2 | Y1: relative ratio | Z1: embrittlement flag | AA1: ni equivalent | AB1: derived | AC1: verified | AD1: notes | AE1: RA ratio (base metal) | AF1: RA ratio (weld)
A2: IYER89-EL | B2: S7 | C2: Iyer 1989 | D2: 304 | F2: 300-series (304 type) | G2: unknown | H2: no | I2: base metal | M2: gaseous precharge | N2: 0.1 | O2: 350 | P2: 12 | Q2: 300 | R2: 26.9 | T2: tensile | U2: elongation | V2: uncharged | W2: 43 | X2: 13 | Y2: 0.302 | Z2: significant loss | AB2: relative_ratio | AC2: no | AD2: Iyer, Canadian Metallurgical Quarterly 1989. Stable 304; charged by soaking at 1050 C in Ar-3%H2 slightly above atmospheric pressure for 12 h (350 wppm), water quenched, tested at 27 C. Reference = annealed, 5 wppm. Strengths converted from kg/mm2 at 9.807 MPa per kg/mm2. | AE2: =IF(AND($U2="reduction of area",$H2="no"),$Y2,"") | AF2: =IF(AND($U2="reduction of area",$H2="yes"),$Y2,"")
A3: IYER89-TS | B3: S7 | C3: Iyer 1989 | D3: 304 | F3: 300-series (304 type) | G3: unknown | H3: no | I3: base metal | M3: gaseous precharge | N3: 0.1 | O3: 350 | P3: 12 | Q3: 300 | R3: 26.9 | T3: tensile | U3: tensile strength | V3: uncharged | W3: 508 | X3: 472 | Y3: 0.929 | Z3: moderate loss | AB3: relative_ratio | AC3: no | AD3: Iyer, Canadian Metallurgical Quarterly 1989. Stable 304; charged by soaking at 1050 C in Ar-3%H2 slightly above atmospheric pressure for 12 h (350 wppm), water quenched, tested at 27 C. Reference = annealed, 5 wppm. Strengths converted from kg/mm2 at 9.807 MPa per kg/mm2. | AE3: =IF(AND($U3="reduction of area",$H3="no"),$Y3,"") | AF3: =IF(AND($U3="reduction of area",$H3="yes"),$Y3,"")
A4: MATSUOKA17-304-RA | B4: S9 | C4: Matsuoka 2017 | D4: 304 | F4: 300-series (304 type) | G4: unknown | H4: no | I4: base metal | M4: gaseous in-situ | N4: 96.5 | Q4: 295 | R4: 21.9 | T4: SSRT | U4: reduction of area | V4: air | Y4: 0.37 | Z4: significant loss | AB4: h2_pressure_MPa (midpoint of 78-115 MPa range) | AC4: no | AD4: Matsuoka et al., Solid State Phenomena 258 (2017) 259. SSRT per ASTM G142, 6 mm dia, 30 mm gauge, cross-head 0.002 mm/s, hydrogen gas 78-115 MPa (96.5 recorded as the midpoint), reference air at RT. RRA = 0.37 stated in the text; absolute RA values appear only in figures. Remaining RRA vs Nieq data is figure-only. | AE4: =IF(AND($U4="reduction of area",$H4="no"),$Y4,"") | AF4: =IF(AND($U4="reduction of area",$H4="yes"),$Y4,"")
A5: CASKEY-T10-1-EL | B5: S1 | C5: Caskey 1983 | D5: 304L | F5: 300-series (304 type) | G5: unknown | H5: no | I5: base metal | M5: gaseous precharge | N5: 69 | Q5: 295 | R5: 21.9 | T5: tensile | U5: elongation | V5: uncharged | W5: 32 | X5: 35 | Y5: 1.094 | Z5: no measurable loss | AB5: relative_ratio | AC5: no | AD5: Caskey Table 10, HERF; total elongation barely changed while plastic strain to fracture halved Composition from Caskey Table A-1 (nominal). | AE5: =IF(AND($U5="reduction of area",$H5="no"),$Y5,"") | AF5: =IF(AND($U5="reduction of area",$H5="yes"),$Y5,"")
A6: CASKEY-T10-1-PS | B6: S1 | C6: Caskey 1983 | D6: 304L | F6: 300-series (304 type) | G6: unknown | H6: no | I6: base metal | M6: gaseous precharge | N6: 69 | Q6: 295 | R6: 21.9 | T6: tensile | U6: plastic strain to failure | V6: uncharged | W6: 1.83 | X6: 0.87 | Y6: 0.475 | Z6: significant loss | AB6: relative_ratio | AC6: no | AD6: Caskey Table 10, HERF condition; 69 MPa H2 at 480 K for 55 days; reference = unexposed Composition from Caskey Table A-1 (nominal). | AE6: =IF(AND($U6="reduction of area",$H6="no"),$Y6,"") | AF6: =IF(AND($U6="reduction of area",$H6="yes"),$Y6,"")
A7: CASKEY-T3-1-EL | B7: S1 | C7: Caskey 1983 | D7: 304L | F7: 300-series (304 type) | G7: unknown | H7: no | I7: base metal | M7: gaseous in-situ | N7: 69 | Q7: 295 | R7: 21.9 | T7: tensile | U7: elongation | V7: helium | W7: 74 | X7: 48 | Y7: 0.649 | Z7: significant loss | AB7: relative_ratio | AC7: yes | AD7: Caskey DP-1643 Table 3. Condition: annealed. Reference environment 69 MPa helium, not air. Composition from Caskey Table A-1 (nominal). | AE7: =IF(AND($U7="reduction of area",$H7="no"),$Y7,"") | AF7: =IF(AND($U7="reduction of area",$H7="yes"),$Y7,"")
A8: CASKEY-T3-1-RA | B8: S1 | C8: Caskey 1983 | D8: 304L | F8: 300-series (304 type) | G8: unknown | H8: no | I8: base metal | M8: gaseous in-situ | N8: 69 | Q8: 295 | R8: 21.9 | T8: tensile | U8: reduction of area | V8: helium | W8: 81 | X8: 33 | Y8: 0.407 | Z8: significant loss | AB8: relative_ratio | AC8: yes | AD8: Caskey DP-1643 Table 3. Condition: annealed. Reference environment 69 MPa helium, not air. Composition from Caskey Table A-1 (nominal). | AE8: =IF(AND($U8="reduction of area",$H8="no"),$Y8,"") | AF8: =IF(AND($U8="reduction of area",$H8="yes"),$Y8,"")
A9: CASKEY-T3-2-EL | B9: S1 | C9: Caskey 1983 | D9: 304L | F9: 300-series (304 type) | G9: unknown | H9: no | I9: base metal | M9: gaseous in-situ | N9: 69 | Q9: 295 | R9: 21.9 | T9: tensile | U9: elongation | V9: helium | W9: 43 | X9: 41 | Y9: 0.953 | Z9: no measurable loss | AB9: relative_ratio | AC9: yes | AD9: Caskey DP-1643 Table 3. Condition: HERF (high energy rate forged). Reference environment 69 MPa helium, not air. Composition from Caskey Table A-1 (nominal). | AE9: =IF(AND($U9="reduction of area",$H9="no"),$Y9,"") | AF9: =IF(AND($U9="reduction of area",$H9="yes"),$Y9,"")
A10: CASKEY-T3-2-RA | B10: S1 | C10: Caskey 1983 | D10: 304L | F10: 300-series (304 type) | G10: unknown | H10: no | I10: base metal | M10: gaseous in-situ | N10: 69 | Q10: 295 | R10: 21.9 | T10: tensile | U10: reduction of area | V10: helium | W10: 77 | X10: 69 | Y10: 0.896 | Z10: moderate loss | AB10: relative_ratio | AC10: yes | AD10: Caskey DP-1643 Table 3. Condition: HERF (high energy rate forged). Reference environment 69 MPa helium, not air. Composition from Caskey Table A-1 (nominal). | AE10: =IF(AND($U10="reduction of area",$H10="no"),$Y10,"") | AF10: =IF(AND($U10="reduction of area",$H10="yes"),$Y10,"")
A11: CASKEY-T6-1-PS | B11: S1 | C11: Caskey 1983 | D11: 304L | F11: 300-series (304 type) | G11: unknown | H11: no | I11: base metal | M11: gaseous precharge | N11: 69 | Q11: 295 | R11: 21.9 | T11: tensile | U11: plastic strain to failure | V11: uncharged | W11: 1.43 | X11: 0.37 | Y11: 0.259 | Z11: significant loss | AB11: relative_ratio | AC11: no | AD11: Caskey Table 6, smooth specimen; reference = annealed in argon Composition from Caskey Table A-1 (nominal). | AE11: =IF(AND($U11="reduction of area",$H11="no"),$Y11,"") | AF11: =IF(AND($U11="reduction of area",$H11="yes"),$Y11,"")
A12: CASKEY-T6-1-TS | B12: S1 | C12: Caskey 1983 | D12: 304L | F12: 300-series (304 type) | G12: unknown | H12: no | I12: base metal | M12: gaseous precharge | N12: 69 | Q12: 295 | R12: 21.9 | T12: tensile | U12: tensile strength | V12: uncharged | W12: 600 | X12: 530 | Y12: 0.883 | Z12: moderate loss | AB12: relative_ratio | AC12: no | AD12: Caskey Table 6, smooth specimen; hydrogen gas 69 MPa, 200 days at 380 K; reference = annealed 200 d at 380 K in argon Composition from Caskey Table A-1 (nominal). | AE12: =IF(AND($U12="reduction of area",$H12="no"),$Y12,"") | AF12: =IF(AND($U12="reduction of area",$H12="yes"),$Y12,"")
A13: CASKEY-T6-2-PS | B13: S1 | C13: Caskey 1983 | D13: 304L | F13: 300-series (304 type) | G13: unknown | H13: no | I13: base metal | M13: gaseous precharge | N13: 69 | Q13: 295 | R13: 21.9 | T13: tensile | U13: plastic strain to failure | V13: uncharged | W13: 0.24 | X13: 0.13 | Y13: 0.542 | Z13: significant loss | AB13: relative_ratio | AC13: no | AD13: Caskey Table 6, notched specimen; reference = annealed in argon Composition from Caskey Table A-1 (nominal). | AE13: =IF(AND($U13="reduction of area",$H13="no"),$Y13,"") | AF13: =IF(AND($U13="reduction of area",$H13="yes"),$Y13,"")
A14: CASKEY-T6-2-TS | B14: S1 | C14: Caskey 1983 | D14: 304L | F14: 300-series (304 type) | G14: unknown | H14: no | I14: base metal | M14: gaseous precharge | N14: 69 | Q14: 295 | R14: 21.9 | T14: tensile | U14: notched tensile strength | V14: uncharged | W14: 710 | X14: 580 | Y14: 0.817 | Z14: moderate loss | AB14: relative_ratio | AC14: no | AD14: Caskey Table 6, notched specimen; reference = annealed in argon Composition from Caskey Table A-1 (nominal). | AE14: =IF(AND($U14="reduction of area",$H14="no"),$Y14,"") | AF14: =IF(AND($U14="reduction of area",$H14="yes"),$Y14,"")
A15: SAND2012-ch2101-T3111-1 | B15: S2 | C15: San Marchi 2012 | D15: 304L | E15: W69 | F15: 300-series (304 type) | G15: unknown | H15: no | I15: base metal | M15: gaseous in-situ | N15: 69 | Q15: 295 | R15: 21.9 | S15: 0.00067 | T15: tensile | U15: reduction of area | V15: helium | W15: 78 | X15: 71 | Y15: 0.91 | Z15: moderate loss | AB15: relative_ratio | AC15: no | AD15: SAND2012-7321 (San Marchi & Somerday), chapter 2101 Table 3.1.1.1. Annealed; external 69 MPa H2 vs 69 MPa He. Ref [15,23]. | AE15: =IF(AND($U15="reduction of area",$H15="no"),$Y15,"") | AF15: =IF(AND($U15="reduction of area",$H15="yes"),$Y15,"")
A16: SAND2012-ch2101-T3111-2 | B16: S2 | C16: San Marchi 2012 | D16: 304L | F16: 300-series (304 type) | G16: unknown | H16: no | I16: base metal | M16: gaseous in-situ | N16: 34 | P16: 24 | Q16: 295 | R16: 21.9 | T16: tensile | U16: reduction of area | V16: air | W16: 60 | X16: 46 | Y16: 0.767 | Z16: significant loss | AB16: relative_ratio | AC16: no | AD16: SAND2012-7321 (San Marchi & Somerday), chapter 2101 Table 3.1.1.1. Held at test pressure 24 h before loading. Ref [15]. | AE16: =IF(AND($U16="reduction of area",$H16="no"),$Y16,"") | AF16: =IF(AND($U16="reduction of area",$H16="yes"),$Y16,"")
A17: SAND2012-ch2101-T3111-3 | B17: S2 | C17: San Marchi 2012 | D17: 304L | F17: 300-series (304 type) | G17: unknown | H17: no | I17: base metal | M17: gaseous in-situ | N17: 69 | P17: 24 | Q17: 295 | R17: 21.9 | T17: tensile | U17: reduction of area | V17: air | W17: 60 | X17: 44 | Y17: 0.733 | Z17: significant loss | AB17: relative_ratio | AC17: no | AD17: SAND2012-7321 (San Marchi & Somerday), chapter 2101 Table 3.1.1.1. Held at test pressure 24 h before loading. Ref [15]. | AE17: =IF(AND($U17="reduction of area",$H17="no"),$Y17,"") | AF17: =IF(AND($U17="reduction of area",$H17="yes"),$Y17,"")
A18: SAND2012-ch2101-T3111-4 | B18: S2 | C18: San Marchi 2012 | D18: 304L | E18: O76 | F18: 300-series (304 type) | G18: plate | H18: no | I18: base metal | M18: gaseous precharge | N18: 69 | O18: 55 | P18: 240 | Q18: 295 | R18: 21.9 | S18: 0.003 | T18: tensile | U18: reduction of area | V18: air | W18: 77 | X18: 32 | Y18: 0.416 | Z18: significant loss | AB18: relative_ratio | AC18: no | AD18: SAND2012-7321 (San Marchi & Somerday), chapter 2101 Table 3.1.1.1. Annealed plate; precharged 24.1 MPa H2, 473 K, 240 h (55 wppm surface) then tested in 69 MPa H2. Ref [5]. | AE18: =IF(AND($U18="reduction of area",$H18="no"),$Y18,"") | AF18: =IF(AND($U18="reduction of area",$H18="yes"),$Y18,"")
A19: SAND2012-ch2101-T3111-5 | B19: S2 | C19: San Marchi 2012 | D19: 304L | F19: 300-series (304 type) | G19: unknown | H19: no | I19: base metal | M19: gaseous in-situ | N19: 69 | Q19: 295 | R19: 21.9 | T19: tensile | U19: reduction of area | V19: helium | W19: 81 | X19: 33 | Y19: 0.407 | Z19: significant loss | AB19: relative_ratio | AC19: no | AD19: SAND2012-7321 (San Marchi & Somerday), chapter 2101 Table 3.1.1.1. 69 MPa H2 vs 69 MPa He. Ref [4,25]. NOTE: matches Caskey DP-1643 Table 3 annealed 304L; the condition is annealed, not HERF. | AE19: =IF(AND($U19="reduction of area",$H19="no"),$Y19,"") | AF19: =IF(AND($U19="reduction of area",$H19="yes"),$Y19,"")
A20: YOUNES13-EB-110 | B20: S6 | C20: Younes 2013 | D20: 304L EB weld | F20: 300-series (304 type) | G20: weld | H20: yes | I20: weld metal | J20: EBW | M20: gaseous precharge | O20: 110 | Q20: 295 | R20: 21.9 | T20: tensile | U20: reduction of area | V20: uncharged | Y20: 0.61 | Z20: significant loss | AB20: relative_ratio | AC20: no | AD20: Younes et al., Int. J. Hydrogen Energy 38 (2013) 4864. Table 4. 304L tube, thermally charged in hydrogen gas to the stated content; RA loss reported rather than absolute values, so relative_ratio = 1 - loss/100. 304L electron-beam weld, 110 wppm hydrogen, RA loss 39%. | AE20: =IF(AND($U20="reduction of area",$H20="no"),$Y20,"") | AF20: =IF(AND($U20="reduction of area",$H20="yes"),$Y20,"")
A21: YOUNES13-EB-160 | B21: S6 | C21: Younes 2013 | D21: 304L EB weld | F21: 300-series (304 type) | G21: weld | H21: yes | I21: weld metal | J21: EBW | M21: gaseous precharge | O21: 160 | Q21: 295 | R21: 21.9 | T21: tensile | U21: reduction of area | V21: uncharged | Y21: 0.49 | Z21: significant loss | AB21: relative_ratio | AC21: no | AD21: Younes et al., Int. J. Hydrogen Energy 38 (2013) 4864. Table 4. 304L tube, thermally charged in hydrogen gas to the stated content; RA loss reported rather than absolute values, so relative_ratio = 1 - loss/100. 304L electron-beam weld, 160 wppm hydrogen, RA loss 51%. | AE21: =IF(AND($U21="reduction of area",$H21="no"),$Y21,"") | AF21: =IF(AND($U21="reduction of area",$H21="yes"),$Y21,"")
A22: YOUNES13-EB-57 | B22: S6 | C22: Younes 2013 | D22: 304L EB weld | F22: 300-series (304 type) | G22: weld | H22: yes | I22: weld metal | J22: EBW | M22: gaseous precharge | O22: 57 | Q22: 295 | R22: 21.9 | T22: tensile | U22: reduction of area | V22: uncharged | Y22: 0.8 | Z22: moderate loss | AB22: relative_ratio | AC22: no | AD22: Younes et al., Int. J. Hydrogen Energy 38 (2013) 4864. Table 4. 304L tube, thermally charged in hydrogen gas to the stated content; RA loss reported rather than absolute values, so relative_ratio = 1 - loss/100. 304L electron-beam weld, 57 wppm hydrogen, RA loss 20%. | AE22: =IF(AND($U22="reduction of area",$H22="no"),$Y22,"") | AF22: =IF(AND($U22="reduction of area",$H22="yes"),$Y22,"")
A23: YOUNES13-TIG-110 | B23: S6 | C23: Younes 2013 | D23: 304L TIG weld | F23: 300-series (304 type) | G23: weld | H23: yes | I23: weld metal | J23: GTAW | M23: gaseous precharge | O23: 110 | Q23: 295 | R23: 21.9 | T23: tensile | U23: reduction of area | V23: uncharged | Y23: 0.47 | Z23: significant loss | AB23: relative_ratio | AC23: no | AD23: Younes et al., Int. J. Hydrogen Energy 38 (2013) 4864. Table 4. 304L tube, thermally charged in hydrogen gas to the stated content; RA loss reported rather than absolute values, so relative_ratio = 1 - loss/100. 304L TIG weld, 110 wppm hydrogen, RA loss 53%. | AE23: =IF(AND($U23="reduction of area",$H23="no"),$Y23,"") | AF23: =IF(AND($U23="reduction of area",$H23="yes"),$Y23,"")
A24: YOUNES13-TIG-160 | B24: S6 | C24: Younes 2013 | D24: 304L TIG weld | F24: 300-series (304 type) | G24: weld | H24: yes | I24: weld metal | J24: GTAW | M24: gaseous precharge | O24: 160 | Q24: 295 | R24: 21.9 | T24: tensile | U24: reduction of area | V24: uncharged | Y24: 0.35 | Z24: significant loss | AB24: relative_ratio | AC24: no | AD24: Younes et al., Int. J. Hydrogen Energy 38 (2013) 4864. Table 4. 304L tube, thermally charged in hydrogen gas to the stated content; RA loss reported rather than absolute values, so relative_ratio = 1 - loss/100. 304L TIG weld, 160 wppm hydrogen, RA loss 65%. | AE24: =IF(AND($U24="reduction of area",$H24="no"),$Y24,"") | AF24: =IF(AND($U24="reduction of area",$H24="yes"),$Y24,"")
A25: YOUNES13-TIG-57 | B25: S6 | C25: Younes 2013 | D25: 304L TIG weld | F25: 300-series (304 type) | G25: weld | H25: yes | I25: weld metal | J25: GTAW | M25: gaseous precharge | O25: 57 | Q25: 295 | R25: 21.9 | T25: tensile | U25: reduction of area | V25: uncharged | Y25: 0.59 | Z25: significant loss | AB25: relative_ratio | AC25: no | AD25: Younes et al., Int. J. Hydrogen Energy 38 (2013) 4864. Table 4. 304L tube, thermally charged in hydrogen gas to the stated content; RA loss reported rather than absolute values, so relative_ratio = 1 - loss/100. 304L TIG weld, 57 wppm hydrogen, RA loss 41%. | AE25: =IF(AND($U25="reduction of area",$H25="no"),$Y25,"") | AF25: =IF(AND($U25="reduction of area",$H25="yes"),$Y25,"")
A26: YOUNES13-BASE-110 | B26: S6 | C26: Younes 2013 | D26: 304L base metal | F26: 300-series (304 type) | G26: tube | H26: no | I26: base metal | M26: gaseous precharge | O26: 110 | Q26: 295 | R26: 21.9 | T26: tensile | U26: reduction of area | V26: uncharged | Y26: 0.63 | Z26: significant loss | AB26: relative_ratio | AC26: no | AD26: Younes et al., Int. J. Hydrogen Energy 38 (2013) 4864. Table 4. 304L tube, thermally charged in hydrogen gas to the stated content; RA loss reported rather than absolute values, so relative_ratio = 1 - loss/100. 304L base metal, 110 wppm hydrogen, RA loss 37%. | AE26: =IF(AND($U26="reduction of area",$H26="no"),$Y26,"") | AF26: =IF(AND($U26="reduction of area",$H26="yes"),$Y26,"")
A27: YOUNES13-BASE-160 | B27: S6 | C27: Younes 2013 | D27: 304L base metal | F27: 300-series (304 type) | G27: tube | H27: no | I27: base metal | M27: gaseous precharge | O27: 160 | Q27: 295 | R27: 21.9 | T27: tensile | U27: reduction of area | V27: uncharged | Y27: 0.52 | Z27: significant loss | AB27: relative_ratio | AC27: no | AD27: Younes et al., Int. J. Hydrogen Energy 38 (2013) 4864. Table 4. 304L tube, thermally charged in hydrogen gas to the stated content; RA loss reported rather than absolute values, so relative_ratio = 1 - loss/100. 304L base metal, 160 wppm hydrogen, RA loss 48%. | AE27: =IF(AND($U27="reduction of area",$H27="no"),$Y27,"") | AF27: =IF(AND($U27="reduction of area",$H27="yes"),$Y27,"")
A28: YOUNES13-BASE-57 | B28: S6 | C28: Younes 2013 | D28: 304L base metal | F28: 300-series (304 type) | G28: tube | H28: no | I28: base metal | M28: gaseous precharge | O28: 57 | Q28: 295 | R28: 21.9 | T28: tensile | U28: reduction of area | V28: uncharged | Y28: 0.81 | Z28: moderate loss | AB28: relative_ratio | AC28: no | AD28: Younes et al., Int. J. Hydrogen Energy 38 (2013) 4864. Table 4. 304L tube, thermally charged in hydrogen gas to the stated content; RA loss reported rather than absolute values, so relative_ratio = 1 - loss/100. 304L base metal, 57 wppm hydrogen, RA loss 19%. | AE28: =IF(AND($U28="reduction of area",$H28="no"),$Y28,"") | AF28: =IF(AND($U28="reduction of area",$H28="yes"),$Y28,"")
A29: BALCH15-LONG-CENTER-EL | B29: S3 | C29: Balch 2015 | D29: 304L/308L weld | F29: 300-series (304 type) | G29: weld | H29: yes | I29: weld metal | J29: GTAW | K29: ER308L | M29: gaseous precharge | N29: 138 | O29: 139 | P29: 336 | Q29: 295 | R29: 21.9 | S29: 0.00076 | T29: tensile | U29: elongation | V29: uncharged | W29: 44 | X29: 28 | Y29: 0.636 | Z29: significant loss | AA29: 26.49 | AB29: ni_equivalent;relative_ratio | AC29: yes | AD29: Balch et al. PVP2015-45591 Table 3. Multipass GTA weld, gage section 100% weld deposit; longitudinal orientation, center of weld. Precharged 300 C, 138 MPa H2, 2 weeks -> 7700 appm (about 139 wt ppm). Composition is the 308L filler wire; 304L base metal 19.25Cr-10.25Ni. | AE29: =IF(AND($U29="reduction of area",$H29="no"),$Y29,"") | AF29: =IF(AND($U29="reduction of area",$H29="yes"),$Y29,"")
A30: BALCH15-LONG-CENTER-RA | B30: S3 | C30: Balch 2015 | D30: 304L/308L weld | F30: 300-series (304 type) | G30: weld | H30: yes | I30: weld metal | J30: GTAW | K30: ER308L | M30: gaseous precharge | N30: 138 | O30: 139 | P30: 336 | Q30: 295 | R30: 21.9 | S30: 0.00076 | T30: tensile | U30: reduction of area | V30: uncharged | W30: 78 | X30: 34 | Y30: 0.436 | Z30: significant loss | AA30: 26.49 | AB30: ni_equivalent;relative_ratio | AC30: yes | AD30: Balch et al. PVP2015-45591 Table 3. Multipass GTA weld, gage section 100% weld deposit; longitudinal orientation, center of weld. Precharged 300 C, 138 MPa H2, 2 weeks -> 7700 appm (about 139 wt ppm). Composition is the 308L filler wire; 304L base metal 19.25Cr-10.25Ni. | AE30: =IF(AND($U30="reduction of area",$H30="no"),$Y30,"") | AF30: =IF(AND($U30="reduction of area",$H30="yes"),$Y30,"")
A31: BALCH15-LONG-ROOT-EL | B31: S3 | C31: Balch 2015 | D31: 304L/308L weld | F31: 300-series (304 type) | G31: weld | H31: yes | I31: weld metal | J31: GTAW | K31: ER308L | M31: gaseous precharge | N31: 138 | O31: 139 | P31: 336 | Q31: 295 | R31: 21.9 | S31: 0.00076 | T31: tensile | U31: elongation | V31: uncharged | W31: 38 | X31: 21 | Y31: 0.553 | Z31: significant loss | AA31: 26.49 | AB31: ni_equivalent;relative_ratio | AC31: yes | AD31: Balch et al. PVP2015-45591 Table 3. Multipass GTA weld, gage section 100% weld deposit; longitudinal orientation, root of weld. Precharged 300 C, 138 MPa H2, 2 weeks -> 7700 appm (about 139 wt ppm). Composition is the 308L filler wire; 304L base metal 19.25Cr-10.25Ni. | AE31: =IF(AND($U31="reduction of area",$H31="no"),$Y31,"") | AF31: =IF(AND($U31="reduction of area",$H31="yes"),$Y31,"")
A32: BALCH15-LONG-ROOT-RA | B32: S3 | C32: Balch 2015 | D32: 304L/308L weld | F32: 300-series (304 type) | G32: weld | H32: yes | I32: weld metal | J32: GTAW | K32: ER308L | M32: gaseous precharge | N32: 138 | O32: 139 | P32: 336 | Q32: 295 | R32: 21.9 | S32: 0.00076 | T32: tensile | U32: reduction of area | V32: uncharged | W32: 78 | X32: 28 | Y32: 0.359 | Z32: significant loss | AA32: 26.49 | AB32: ni_equivalent;relative_ratio | AC32: yes | AD32: Balch et al. PVP2015-45591 Table 3. Multipass GTA weld, gage section 100% weld deposit; longitudinal orientation, root of weld. Precharged 300 C, 138 MPa H2, 2 weeks -> 7700 appm (about 139 wt ppm). Composition is the 308L filler wire; 304L base metal 19.25Cr-10.25Ni. | AE32: =IF(AND($U32="reduction of area",$H32="no"),$Y32,"") | AF32: =IF(AND($U32="reduction of area",$H32="yes"),$Y32,"")
A33: BALCH15-LONG-TOP-EL | B33: S3 | C33: Balch 2015 | D33: 304L/308L weld | F33: 300-series (304 type) | G33: weld | H33: yes | I33: weld metal | J33: GTAW | K33: ER308L | M33: gaseous precharge | N33: 138 | O33: 139 | P33: 336 | Q33: 295 | R33: 21.9 | S33: 0.00076 | T33: tensile | U33: elongation | V33: uncharged | W33: 56 | X33: 28 | Y33: 0.5 | Z33: significant loss | AA33: 26.49 | AB33: ni_equivalent;relative_ratio | AC33: yes | AD33: Balch et al. PVP2015-45591 Table 3. Multipass GTA weld, gage section 100% weld deposit; longitudinal orientation, top of weld. Precharged 300 C, 138 MPa H2, 2 weeks -> 7700 appm (about 139 wt ppm). Composition is the 308L filler wire; 304L base metal 19.25Cr-10.25Ni. | AE33: =IF(AND($U33="reduction of area",$H33="no"),$Y33,"") | AF33: =IF(AND($U33="reduction of area",$H33="yes"),$Y33,"")
A34: BALCH15-LONG-TOP-RA | B34: S3 | C34: Balch 2015 | D34: 304L/308L weld | F34: 300-series (304 type) | G34: weld | H34: yes | I34: weld metal | J34: GTAW | K34: ER308L | M34: gaseous precharge | N34: 138 | O34: 139 | P34: 336 | Q34: 295 | R34: 21.9 | S34: 0.00076 | T34: tensile | U34: reduction of area | V34: uncharged | W34: 77 | X34: 40 | Y34: 0.519 | Z34: significant loss | AA34: 26.49 | AB34: ni_equivalent;relative_ratio | AC34: yes | AD34: Balch et al. PVP2015-45591 Table 3. Multipass GTA weld, gage section 100% weld deposit; longitudinal orientation, top of weld. Precharged 300 C, 138 MPa H2, 2 weeks -> 7700 appm (about 139 wt ppm). Composition is the 308L filler wire; 304L base metal 19.25Cr-10.25Ni. | AE34: =IF(AND($U34="reduction of area",$H34="no"),$Y34,"") | AF34: =IF(AND($U34="reduction of area",$H34="yes"),$Y34,"")
A35: BALCH15-TRAN-CENTER-EL | B35: S3 | C35: Balch 2015 | D35: 304L/308L weld | F35: 300-series (304 type) | G35: weld | H35: yes | I35: weld metal | J35: GTAW | K35: ER308L | M35: gaseous precharge | N35: 138 | O35: 139 | P35: 336 | Q35: 295 | R35: 21.9 | S35: 0.00076 | T35: tensile | U35: elongation | V35: uncharged | W35: 43 | X35: 24 | Y35: 0.558 | Z35: significant loss | AA35: 26.49 | AB35: ni_equivalent;relative_ratio | AC35: yes | AD35: Balch et al. PVP2015-45591 Table 3. Multipass GTA weld, gage section 100% weld deposit; transverse orientation, center of weld. Precharged 300 C, 138 MPa H2, 2 weeks -> 7700 appm (about 139 wt ppm). Composition is the 308L filler wire; 304L base metal 19.25Cr-10.25Ni. | AE35: =IF(AND($U35="reduction of area",$H35="no"),$Y35,"") | AF35: =IF(AND($U35="reduction of area",$H35="yes"),$Y35,"")
A36: BALCH15-TRAN-CENTER-RA | B36: S3 | C36: Balch 2015 | D36: 304L/308L weld | F36: 300-series (304 type) | G36: weld | H36: yes | I36: weld metal | J36: GTAW | K36: ER308L | M36: gaseous precharge | N36: 138 | O36: 139 | P36: 336 | Q36: 295 | R36: 21.9 | S36: 0.00076 | T36: tensile | U36: reduction of area | V36: uncharged | W36: 80 | X36: 34 | Y36: 0.425 | Z36: significant loss | AA36: 26.49 | AB36: ni_equivalent;relative_ratio | AC36: yes | AD36: Balch et al. PVP2015-45591 Table 3. Multipass GTA weld, gage section 100% weld deposit; transverse orientation, center of weld. Precharged 300 C, 138 MPa H2, 2 weeks -> 7700 appm (about 139 wt ppm). Composition is the 308L filler wire; 304L base metal 19.25Cr-10.25Ni. | AE36: =IF(AND($U36="reduction of area",$H36="no"),$Y36,"") | AF36: =IF(AND($U36="reduction of area",$H36="yes"),$Y36,"")
A37: BALCH15-TRAN-ROOT-EL | B37: S3 | C37: Balch 2015 | D37: 304L/308L weld | F37: 300-series (304 type) | G37: weld | H37: yes | I37: weld metal | J37: GTAW | K37: ER308L | M37: gaseous precharge | N37: 138 | O37: 139 | P37: 336 | Q37: 295 | R37: 21.9 | S37: 0.00076 | T37: tensile | U37: elongation | V37: uncharged | W37: 38 | X37: 24 | Y37: 0.632 | Z37: significant loss | AA37: 26.49 | AB37: ni_equivalent;relative_ratio | AC37: yes | AD37: Balch et al. PVP2015-45591 Table 3. Multipass GTA weld, gage section 100% weld deposit; transverse orientation, root of weld. Precharged 300 C, 138 MPa H2, 2 weeks -> 7700 appm (about 139 wt ppm). Composition is the 308L filler wire; 304L base metal 19.25Cr-10.25Ni. | AE37: =IF(AND($U37="reduction of area",$H37="no"),$Y37,"") | AF37: =IF(AND($U37="reduction of area",$H37="yes"),$Y37,"")
A38: BALCH15-TRAN-ROOT-RA | B38: S3 | C38: Balch 2015 | D38: 304L/308L weld | F38: 300-series (304 type) | G38: weld | H38: yes | I38: weld metal | J38: GTAW | K38: ER308L | M38: gaseous precharge | N38: 138 | O38: 139 | P38: 336 | Q38: 295 | R38: 21.9 | S38: 0.00076 | T38: tensile | U38: reduction of area | V38: uncharged | W38: 83 | X38: 41 | Y38: 0.494 | Z38: significant loss | AA38: 26.49 | AB38: ni_equivalent;relative_ratio | AC38: yes | AD38: Balch et al. PVP2015-45591 Table 3. Multipass GTA weld, gage section 100% weld deposit; transverse orientation, root of weld. Precharged 300 C, 138 MPa H2, 2 weeks -> 7700 appm (about 139 wt ppm). Composition is the 308L filler wire; 304L base metal 19.25Cr-10.25Ni. | AE38: =IF(AND($U38="reduction of area",$H38="no"),$Y38,"") | AF38: =IF(AND($U38="reduction of area",$H38="yes"),$Y38,"")
A39: BALCH15-TRAN-TOP-EL | B39: S3 | C39: Balch 2015 | D39: 304L/308L weld | F39: 300-series (304 type) | G39: weld | H39: yes | I39: weld metal | J39: GTAW | K39: ER308L | M39: gaseous precharge | N39: 138 | O39: 139 | P39: 336 | Q39: 295 | R39: 21.9 | S39: 0.00076 | T39: tensile | U39: elongation | V39: uncharged | W39: 54 | X39: 33 | Y39: 0.611 | Z39: significant loss | AA39: 26.49 | AB39: ni_equivalent;relative_ratio | AC39: yes | AD39: Balch et al. PVP2015-45591 Table 3. Multipass GTA weld, gage section 100% weld deposit; transverse orientation, top of weld. Precharged 300 C, 138 MPa H2, 2 weeks -> 7700 appm (about 139 wt ppm). Composition is the 308L filler wire; 304L base metal 19.25Cr-10.25Ni. | AE39: =IF(AND($U39="reduction of area",$H39="no"),$Y39,"") | AF39: =IF(AND($U39="reduction of area",$H39="yes"),$Y39,"")
A40: BALCH15-TRAN-TOP-RA | B40: S3 | C40: Balch 2015 | D40: 304L/308L weld | F40: 300-series (304 type) | G40: weld | H40: yes | I40: weld metal | J40: GTAW | K40: ER308L | M40: gaseous precharge | N40: 138 | O40: 139 | P40: 336 | Q40: 295 | R40: 21.9 | S40: 0.00076 | T40: tensile | U40: reduction of area | V40: uncharged | W40: 82 | X40: 38 | Y40: 0.463 | Z40: significant loss | AA40: 26.49 | AB40: ni_equivalent;relative_ratio | AC40: yes | AD40: Balch et al. PVP2015-45591 Table 3. Multipass GTA weld, gage section 100% weld deposit; transverse orientation, top of weld. Precharged 300 C, 138 MPa H2, 2 weeks -> 7700 appm (about 139 wt ppm). Composition is the 308L filler wire; 304L base metal 19.25Cr-10.25Ni. | AE40: =IF(AND($U40="reduction of area",$H40="no"),$Y40,"") | AF40: =IF(AND($U40="reduction of area",$H40="yes"),$Y40,"")
A41: SAND2012-ch2101-T431-W1-EL | B41: S2 | C41: San Marchi 2012 | D41: 304L/308L weld | F41: 300-series (304 type) | G41: weld | H41: yes | I41: whole joint | J41: GTAW | K41: ER308L | M41: gaseous in-situ | N41: 69 | Q41: 295 | R41: 21.9 | S41: 0.00033 | T41: tensile | U41: elongation | V41: air | W41: 23 | X41: 23 | Y41: 1 | Z41: no measurable loss | AB41: relative_ratio | AC41: no | AD41: SAND2012-7321 chapter 2101 Table 4.3.1. 304L HERF back-extrusion, double-J groove, 8-10 GTA passes, 308L filler; gauge contains base metal, HAZ and fusion zone. Ref [20,21]. external 69 MPa H2, no precharge | AE41: =IF(AND($U41="reduction of area",$H41="no"),$Y41,"") | AF41: =IF(AND($U41="reduction of area",$H41="yes"),$Y41,"")
A42: SAND2012-ch2101-T431-W1-RA | B42: S2 | C42: San Marchi 2012 | D42: 304L/308L weld | F42: 300-series (304 type) | G42: weld | H42: yes | I42: whole joint | J42: GTAW | K42: ER308L | M42: gaseous in-situ | N42: 69 | Q42: 295 | R42: 21.9 | S42: 0.00033 | T42: tensile | U42: reduction of area | V42: air | W42: 64 | X42: 54 | Y42: 0.844 | Z42: moderate loss | AB42: relative_ratio | AC42: no | AD42: SAND2012-7321 chapter 2101 Table 4.3.1. 304L HERF back-extrusion, double-J groove, 8-10 GTA passes, 308L filler; gauge contains base metal, HAZ and fusion zone. Ref [20,21]. external 69 MPa H2, no precharge | AE42: =IF(AND($U42="reduction of area",$H42="no"),$Y42,"") | AF42: =IF(AND($U42="reduction of area",$H42="yes"),$Y42,"")
A43: SAND2012-ch2101-T431-W2-EL | B43: S2 | C43: San Marchi 2012 | D43: 304L/308L weld | F43: 300-series (304 type) | G43: weld | H43: yes | I43: whole joint | J43: GTAW | K43: ER308L | M43: gaseous in-situ | N43: 172 | Q43: 295 | R43: 21.9 | S43: 0.00033 | T43: tensile | U43: elongation | V43: air | W43: 23 | X43: 19 | Y43: 0.826 | Z43: moderate loss | AB43: relative_ratio | AC43: no | AD43: SAND2012-7321 chapter 2101 Table 4.3.1. 304L HERF back-extrusion, double-J groove, 8-10 GTA passes, 308L filler; gauge contains base metal, HAZ and fusion zone. Ref [20,21]. external 172 MPa H2, no precharge | AE43: =IF(AND($U43="reduction of area",$H43="no"),$Y43,"") | AF43: =IF(AND($U43="reduction of area",$H43="yes"),$Y43,"")
A44: SAND2012-ch2101-T431-W2-RA | B44: S2 | C44: San Marchi 2012 | D44: 304L/308L weld | F44: 300-series (304 type) | G44: weld | H44: yes | I44: whole joint | J44: GTAW | K44: ER308L | M44: gaseous in-situ | N44: 172 | Q44: 295 | R44: 21.9 | S44: 0.00033 | T44: tensile | U44: reduction of area | V44: air | W44: 64 | X44: 48 | Y44: 0.75 | Z44: significant loss | AB44: relative_ratio | AC44: no | AD44: SAND2012-7321 chapter 2101 Table 4.3.1. 304L HERF back-extrusion, double-J groove, 8-10 GTA passes, 308L filler; gauge contains base metal, HAZ and fusion zone. Ref [20,21]. external 172 MPa H2, no precharge | AE44: =IF(AND($U44="reduction of area",$H44="no"),$Y44,"") | AF44: =IF(AND($U44="reduction of area",$H44="yes"),$Y44,"")
A45: SAND2012-ch2101-T431-W3-EL | B45: S2 | C45: San Marchi 2012 | D45: 304L/308L weld | F45: 300-series (304 type) | G45: weld | H45: yes | I45: whole joint | J45: GTAW | K45: ER308L | M45: gaseous precharge | N45: 0.1 | O45: 45 | P45: 240 | Q45: 295 | R45: 21.9 | S45: 0.00033 | T45: tensile | U45: elongation | V45: air | W45: 23 | X45: 17 | Y45: 0.739 | Z45: significant loss | AB45: relative_ratio | AC45: no | AD45: SAND2012-7321 chapter 2101 Table 4.3.1. 304L HERF back-extrusion, double-J groove, 8-10 GTA passes, 308L filler; gauge contains base metal, HAZ and fusion zone. Ref [20,21]. precharged 24 MPa H2 473 K 240 h (45-4 wppm), tested in air | AE45: =IF(AND($U45="reduction of area",$H45="no"),$Y45,"") | AF45: =IF(AND($U45="reduction of area",$H45="yes"),$Y45,"")
A46: SAND2012-ch2101-T431-W3-RA | B46: S2 | C46: San Marchi 2012 | D46: 304L/308L weld | F46: 300-series (304 type) | G46: weld | H46: yes | I46: whole joint | J46: GTAW | K46: ER308L | M46: gaseous precharge | N46: 0.1 | O46: 45 | P46: 240 | Q46: 295 | R46: 21.9 | S46: 0.00033 | T46: tensile | U46: reduction of area | V46: air | W46: 64 | X46: 44 | Y46: 0.688 | Z46: significant loss | AB46: relative_ratio | AC46: no | AD46: SAND2012-7321 chapter 2101 Table 4.3.1. 304L HERF back-extrusion, double-J groove, 8-10 GTA passes, 308L filler; gauge contains base metal, HAZ and fusion zone. Ref [20,21]. precharged 24 MPa H2 473 K 240 h (45-4 wppm), tested in air | AE46: =IF(AND($U46="reduction of area",$H46="no"),$Y46,"") | AF46: =IF(AND($U46="reduction of area",$H46="yes"),$Y46,"")
A47: SAND2012-ch2101-T431-W4-EL | B47: S2 | C47: San Marchi 2012 | D47: 304L/308L weld | F47: 300-series (304 type) | G47: weld | H47: yes | I47: whole joint | J47: GTAW | K47: ER308L | M47: gaseous precharge | N47: 69 | O47: 45 | P47: 240 | Q47: 295 | R47: 21.9 | S47: 0.00033 | T47: tensile | U47: elongation | V47: air | W47: 23 | X47: 16 | Y47: 0.696 | Z47: significant loss | AB47: relative_ratio | AC47: no | AD47: SAND2012-7321 chapter 2101 Table 4.3.1. 304L HERF back-extrusion, double-J groove, 8-10 GTA passes, 308L filler; gauge contains base metal, HAZ and fusion zone. Ref [20,21]. precharged 24 MPa, tested in 69 MPa H2 | AE47: =IF(AND($U47="reduction of area",$H47="no"),$Y47,"") | AF47: =IF(AND($U47="reduction of area",$H47="yes"),$Y47,"")
A48: SAND2012-ch2101-T431-W4-RA | B48: S2 | C48: San Marchi 2012 | D48: 304L/308L weld | F48: 300-series (304 type) | G48: weld | H48: yes | I48: whole joint | J48: GTAW | K48: ER308L | M48: gaseous precharge | N48: 69 | O48: 45 | P48: 240 | Q48: 295 | R48: 21.9 | S48: 0.00033 | T48: tensile | U48: reduction of area | V48: air | W48: 64 | X48: 41 | Y48: 0.641 | Z48: significant loss | AB48: relative_ratio | AC48: no | AD48: SAND2012-7321 chapter 2101 Table 4.3.1. 304L HERF back-extrusion, double-J groove, 8-10 GTA passes, 308L filler; gauge contains base metal, HAZ and fusion zone. Ref [20,21]. precharged 24 MPa, tested in 69 MPa H2 | AE48: =IF(AND($U48="reduction of area",$H48="no"),$Y48,"") | AF48: =IF(AND($U48="reduction of area",$H48="yes"),$Y48,"")
A49: SAND2012-ch2101-T431-W5-EL | B49: S2 | C49: San Marchi 2012 | D49: 304L/308L weld | F49: 300-series (304 type) | G49: weld | H49: yes | I49: whole joint | J49: GTAW | K49: ER308L | M49: gaseous precharge | N49: 0.1 | O49: 72 | P49: 240 | Q49: 295 | R49: 21.9 | S49: 0.00033 | T49: tensile | U49: elongation | V49: air | W49: 23 | X49: 13 | Y49: 0.565 | Z49: significant loss | AB49: relative_ratio | AC49: no | AD49: SAND2012-7321 chapter 2101 Table 4.3.1. 304L HERF back-extrusion, double-J groove, 8-10 GTA passes, 308L filler; gauge contains base metal, HAZ and fusion zone. Ref [20,21]. precharged 69 MPa H2 473 K 240 h (72-7 wppm), tested in air | AE49: =IF(AND($U49="reduction of area",$H49="no"),$Y49,"") | AF49: =IF(AND($U49="reduction of area",$H49="yes"),$Y49,"")
A50: SAND2012-ch2101-T431-W5-RA | B50: S2 | C50: San Marchi 2012 | D50: 304L/308L weld | F50: 300-series (304 type) | G50: weld | H50: yes | I50: whole joint | J50: GTAW | K50: ER308L | M50: gaseous precharge | N50: 0.1 | O50: 72 | P50: 240 | Q50: 295 | R50: 21.9 | S50: 0.00033 | T50: tensile | U50: reduction of area | V50: air | W50: 64 | X50: 34 | Y50: 0.531 | Z50: significant loss | AB50: relative_ratio | AC50: no | AD50: SAND2012-7321 chapter 2101 Table 4.3.1. 304L HERF back-extrusion, double-J groove, 8-10 GTA passes, 308L filler; gauge contains base metal, HAZ and fusion zone. Ref [20,21]. precharged 69 MPa H2 473 K 240 h (72-7 wppm), tested in air | AE50: =IF(AND($U50="reduction of area",$H50="no"),$Y50,"") | AF50: =IF(AND($U50="reduction of area",$H50="yes"),$Y50,"")
A51: SAND2012-ch2101-T431-W6-EL | B51: S2 | C51: San Marchi 2012 | D51: 304L/308L weld | F51: 300-series (304 type) | G51: weld | H51: yes | I51: whole joint | J51: GTAW | K51: ER308L | M51: gaseous precharge | N51: 172 | O51: 72 | P51: 240 | Q51: 295 | R51: 21.9 | S51: 0.00033 | T51: tensile | U51: elongation | V51: air | W51: 23 | X51: 12 | Y51: 0.522 | Z51: significant loss | AB51: relative_ratio | AC51: no | AD51: SAND2012-7321 chapter 2101 Table 4.3.1. 304L HERF back-extrusion, double-J groove, 8-10 GTA passes, 308L filler; gauge contains base metal, HAZ and fusion zone. Ref [20,21]. precharged 69 MPa, tested in 172 MPa H2 | AE51: =IF(AND($U51="reduction of area",$H51="no"),$Y51,"") | AF51: =IF(AND($U51="reduction of area",$H51="yes"),$Y51,"")
A52: SAND2012-ch2101-T431-W6-RA | B52: S2 | C52: San Marchi 2012 | D52: 304L/308L weld | F52: 300-series (304 type) | G52: weld | H52: yes | I52: whole joint | J52: GTAW | K52: ER308L | M52: gaseous precharge | N52: 172 | O52: 72 | P52: 240 | Q52: 295 | R52: 21.9 | S52: 0.00033 | T52: tensile | U52: reduction of area | V52: air | W52: 64 | X52: 31 | Y52: 0.484 | Z52: significant loss | AB52: relative_ratio | AC52: no | AD52: SAND2012-7321 chapter 2101 Table 4.3.1. 304L HERF back-extrusion, double-J groove, 8-10 GTA passes, 308L filler; gauge contains base metal, HAZ and fusion zone. Ref [20,21]. precharged 69 MPa, tested in 172 MPa H2 | AE52: =IF(AND($U52="reduction of area",$H52="no"),$Y52,"") | AF52: =IF(AND($U52="reduction of area",$H52="yes"),$Y52,"")
A53: SAND2012-ch2101-T432-FN47 | B53: S2 | C53: San Marchi 2012 | D53: 304L/308L weld | F53: 300-series (304 type) | G53: weld | H53: yes | I53: whole joint | J53: GTAW | K53: ER308L | L53: 4.7 | M53: gaseous in-situ | N53: 69 | Q53: 295 | R53: 21.9 | T53: tensile | U53: reduction of area | V53: air | W53: 40 | X53: 14 | Y53: 0.35 | Z53: significant loss | AB53: relative_ratio | AC53: no | AD53: SAND2012-7321 chapter 2101 Table 4.3.2. Notched (V-notch, 45 deg, 3.95 mm min dia, 1.3 mm root radius) composite GTA weld, external 69 MPa H2 vs air. Ref [20]. Ferrite number 4.7. | AE53: =IF(AND($U53="reduction of area",$H53="no"),$Y53,"") | AF53: =IF(AND($U53="reduction of area",$H53="yes"),$Y53,"")
A54: SAND2012-ch2101-T432-FN85 | B54: S2 | C54: San Marchi 2012 | D54: 304L/308L weld | F54: 300-series (304 type) | G54: weld | H54: yes | I54: whole joint | J54: GTAW | K54: ER308L | L54: 8.5 | M54: gaseous in-situ | N54: 69 | Q54: 295 | R54: 21.9 | T54: tensile | U54: reduction of area | V54: air | W54: 40 | X54: 17 | Y54: 0.425 | Z54: significant loss | AB54: relative_ratio | AC54: no | AD54: SAND2012-7321 chapter 2101 Table 4.3.2. Notched (V-notch, 45 deg, 3.95 mm min dia, 1.3 mm root radius) composite GTA weld, external 69 MPa H2 vs air. Ref [20]. Ferrite number 8.5. | AE54: =IF(AND($U54="reduction of area",$H54="no"),$Y54,"") | AF54: =IF(AND($U54="reduction of area",$H54="yes"),$Y54,"")
A55: SAND2012-ch2101-T3111-6 | B55: S2 | C55: San Marchi 2012 | D55: 304LN | E55: O76N | F55: 300-series (304 type) | G55: plate | H55: no | I55: base metal | M55: gaseous precharge | N55: 69 | O55: 55 | P55: 240 | Q55: 295 | R55: 21.9 | S55: 0.003 | T55: tensile | U55: reduction of area | V55: air | W55: 72 | X55: 54 | Y55: 0.75 | Z55: significant loss | AB55: relative_ratio | AC55: no | AD55: SAND2012-7321 (San Marchi & Somerday), chapter 2101 Table 3.1.1.1. Nitrogen-bearing 304LN, annealed plate. Ref [5]. | AE55: =IF(AND($U55="reduction of area",$H55="no"),$Y55,"") | AF55: =IF(AND($U55="reduction of area",$H55="yes"),$Y55,"")
A56: SAND2012-ch2101-T3111-7 | B56: S2 | C56: San Marchi 2012 | D56: 304N | F56: 300-series (304 type) | G56: unknown | H56: no | I56: base metal | M56: gaseous in-situ | N56: 69 | Q56: 295 | R56: 21.9 | T56: tensile | U56: reduction of area | V56: helium | W56: 74 | X56: 54 | Y56: 0.73 | Z56: significant loss | AB56: relative_ratio | AC56: no | AD56: SAND2012-7321 (San Marchi & Somerday), chapter 2101 Table 3.1.1.1. Ref [25]. | AE56: =IF(AND($U56="reduction of area",$H56="no"),$Y56,"") | AF56: =IF(AND($U56="reduction of area",$H56="yes"),$Y56,"")
A57: SAND2012-ch2101-T3111-8 | B57: S2 | C57: San Marchi 2012 | D57: 304N | E57: C83N | F57: 300-series (304 type) | G57: unknown | H57: no | I57: base metal | M57: gaseous precharge | N57: 69 | P57: 1000 | Q57: 295 | R57: 21.9 | T57: tensile | U57: reduction of area | V57: air | W57: 65 | X57: 46 | Y57: 0.708 | Z57: significant loss | AB57: relative_ratio | AC57: no | AD57: SAND2012-7321 (San Marchi & Somerday), chapter 2101 Table 3.1.1.1. Precharged 69 MPa H2, 430 K, 1000 h. Ref [3]. | AE57: =IF(AND($U57="reduction of area",$H57="no"),$Y57,"") | AF57: =IF(AND($U57="reduction of area",$H57="yes"),$Y57,"")
A58: SAND2012-ch2103-1 | B58: S2 | C58: San Marchi 2012 | D58: 316 | F58: 300-series (316/317 type) | G58: unknown | H58: no | I58: base metal | M58: gaseous in-situ | N58: 69 | Q58: 295 | R58: 21.9 | T58: tensile | U58: reduction of area | V58: helium | W58: 78 | X58: 77 | Y58: 0.987 | Z58: no measurable loss | AB58: relative_ratio | AC58: no | AD58: SAND2012-7321 chapter 2103 Table 3.1.1.1. Ref [1,27]. | AE58: =IF(AND($U58="reduction of area",$H58="no"),$Y58,"") | AF58: =IF(AND($U58="reduction of area",$H58="yes"),$Y58,"")
A59: SAND2012-ch2103-2 | B59: S2 | C59: San Marchi 2012 | D59: 316 | E59: W69 | F59: 300-series (316/317 type) | G59: bar | H59: no | I59: base metal | M59: gaseous in-situ | N59: 69 | Q59: 295 | R59: 21.9 | S59: 0.00067 | T59: tensile | U59: reduction of area | V59: helium | W59: 72 | X59: 75 | Y59: 1.042 | Z59: no measurable loss | AB59: relative_ratio | AC59: no | AD59: SAND2012-7321 chapter 2103 Table 3.1.1.1. Cold drawn rod; no loss. Ref [26,28]. | AE59: =IF(AND($U59="reduction of area",$H59="no"),$Y59,"") | AF59: =IF(AND($U59="reduction of area",$H59="yes"),$Y59,"")
A60: SAND2012-ch2103-3 | B60: S2 | C60: San Marchi 2012 | D60: 316 | E60: O76 | F60: 300-series (316/317 type) | G60: plate | H60: no | I60: base metal | M60: gaseous in-situ | N60: 69 | Q60: 295 | R60: 21.9 | S60: 0.003 | T60: tensile | U60: reduction of area | V60: air | W60: 78 | X60: 77 | Y60: 0.987 | Z60: no measurable loss | AB60: relative_ratio | AC60: no | AD60: SAND2012-7321 chapter 2103 Table 3.1.1.1. Annealed plate. Ref [2]. | AE60: =IF(AND($U60="reduction of area",$H60="no"),$Y60,"") | AF60: =IF(AND($U60="reduction of area",$H60="yes"),$Y60,"")
A61: SAND2012-ch2103-4 | B61: S2 | C61: San Marchi 2012 | D61: 316 | F61: 300-series (316/317 type) | G61: sheet | H61: no | I61: base metal | M61: gaseous in-situ | N61: 70 | Q61: 295 | R61: 21.9 | S61: 0.0006 | T61: tensile | U61: reduction of area | V61: helium | W61: 70 | X61: 75 | Y61: 1.071 | Z61: no measurable loss | AB61: relative_ratio | AC61: no | AD61: SAND2012-7321 chapter 2103 Table 3.1.1.1. Annealed sheet; He reference. Ref [23]. | AE61: =IF(AND($U61="reduction of area",$H61="no"),$Y61,"") | AF61: =IF(AND($U61="reduction of area",$H61="yes"),$Y61,"")
A62: SAND2012-ch2103-5 | B62: S2 | C62: San Marchi 2012 | D62: 316 | E62: R84 | F62: 300-series (316/317 type) | G62: sheet | H62: no | I62: base metal | M62: gaseous precharge | N62: 0.5 | O62: 6 | P62: 170 | Q62: 295 | R62: 21.9 | S62: 0.0005 | T62: tensile | U62: elongation | V62: argon | W62: 63 | X62: 51 | Y62: 0.81 | Z62: moderate loss | AB62: relative_ratio | AC62: no | AD62: SAND2012-7321 chapter 2103 Table 3.1.1.1. Sensitized thin sheet; precharged 0.5 MPa H2 873 K 170 h (~6 wppm), argon-exposed reference. Ref [14]. | AE62: =IF(AND($U62="reduction of area",$H62="no"),$Y62,"") | AF62: =IF(AND($U62="reduction of area",$H62="yes"),$Y62,"")
A63: SAND2012-ch2103-W-EB | B63: S2 | C63: San Marchi 2012 | D63: 316 EB weld | F63: 300-series (316/317 type) | G63: weld | H63: yes | I63: whole joint | J63: laser | M63: gaseous in-situ | N63: 70 | Q63: 295 | R63: 21.9 | S63: 0.0006 | T63: tensile | U63: reduction of area | V63: helium | W63: 70 | X63: 70 | Y63: 1 | Z63: no measurable loss | AB63: relative_ratio | AC63: no | AD63: SAND2012-7321 chapter 2103 Table 4.3.1 (full-penetration butt welds, sheet). Ref [23]. Electron beam weld; no measurable loss. | AE63: =IF(AND($U63="reduction of area",$H63="no"),$Y63,"") | AF63: =IF(AND($U63="reduction of area",$H63="yes"),$Y63,"")
A64: SAND2012-ch2103-WN-EB | B64: S2 | C64: San Marchi 2012 | D64: 316 EB weld | F64: 300-series (316/317 type) | G64: weld | H64: yes | I64: whole joint | J64: laser | M64: gaseous in-situ | N64: 70 | Q64: 295 | R64: 21.9 | S64: 0.0083 | T64: tensile | U64: reduction of area | V64: helium | W64: 65 | X64: 60 | Y64: 0.923 | Z64: moderate loss | AB64: relative_ratio | AC64: no | AD64: SAND2012-7321 chapter 2103 Table 4.3.2, notched (V-notch 60 deg, 0.6 mm deep, root radius 0.05 mm) butt welds. Ref [23]. Electron beam weld, notched. | AE64: =IF(AND($U64="reduction of area",$H64="no"),$Y64,"") | AF64: =IF(AND($U64="reduction of area",$H64="yes"),$Y64,"")
A65: SAND2012-ch2103-W-GTA | B65: S2 | C65: San Marchi 2012 | D65: 316 GTA weld | F65: 300-series (316/317 type) | G65: weld | H65: yes | I65: whole joint | J65: GTAW | M65: gaseous in-situ | N65: 70 | Q65: 295 | R65: 21.9 | S65: 0.0006 | T65: tensile | U65: reduction of area | V65: helium | W65: 70 | X65: 70 | Y65: 1 | Z65: no measurable loss | AB65: relative_ratio | AC65: no | AD65: SAND2012-7321 chapter 2103 Table 4.3.1 (full-penetration butt welds, sheet). Ref [23]. GTA weld; no measurable loss. | AE65: =IF(AND($U65="reduction of area",$H65="no"),$Y65,"") | AF65: =IF(AND($U65="reduction of area",$H65="yes"),$Y65,"")
A66: SAND2012-ch2103-WN-GTA | B66: S2 | C66: San Marchi 2012 | D66: 316 GTA weld | F66: 300-series (316/317 type) | G66: weld | H66: yes | I66: whole joint | J66: GTAW | M66: gaseous in-situ | N66: 70 | Q66: 295 | R66: 21.9 | S66: 0.0083 | T66: tensile | U66: reduction of area | V66: helium | W66: 70 | X66: 65 | Y66: 0.929 | Z66: moderate loss | AB66: relative_ratio | AC66: no | AD66: SAND2012-7321 chapter 2103 Table 4.3.2, notched (V-notch 60 deg, 0.6 mm deep, root radius 0.05 mm) butt welds. Ref [23]. GTA weld, notched. | AE66: =IF(AND($U66="reduction of area",$H66="no"),$Y66,"") | AF66: =IF(AND($U66="reduction of area",$H66="yes"),$Y66,"")
A67: FUKU24-316CW-RA | B67: S8 | C67: Fukunaga 2024 | D67: 316 cold worked (SUS316CW) | F67: 300-series (316/317 type) | G67: tube | H67: no | I67: base metal | M67: gaseous in-situ | N67: 70 | O67: 7.8 | Q67: 233 | R67: -40.1 | T67: SSRT | U67: reduction of area | V67: nitrogen | W67: 85 | X67: 78 | Y67: 0.918 | Z67: moderate loss | AA67: 28.5 | AB67: relative_ratio | AC67: no | AD67: Fukunaga, Engineering Failure Analysis 160 (2024) 108158. SSRT on piping removed from a hydrogen refuelling station after two years of service. 20-25% cold work, 7.8 wppm pre-contained hydrogen; 70 MPa H2 at -40 C vs nitrogen at -40 C. Nieq 28.5. | AE67: =IF(AND($U67="reduction of area",$H67="no"),$Y67,"") | AF67: =IF(AND($U67="reduction of area",$H67="yes"),$Y67,"")
A68: NAKA18-BM | B68: S5 | C68: Nakamura 2018 | D68: 316 hi-Ni | F68: 300-series (316/317 type) | G68: bar | H68: no | I68: base metal | M68: gaseous in-situ | N68: 106 | Q68: 228 | R68: -45.1 | T68: tensile | U68: reduction of area | V68: nitrogen | W68: 83 | X68: 85 | Y68: 1.024 | Z68: no measurable loss | AB68: relative_ratio | AC68: no | AD68: Nakamura et al., Trans. JSME 84(857) 2018, DOI 10.1299/transjsme.17-00437. SSRT at -45 C in 106 MPa H2 gas, reference 0.1 MPa nitrogen. TIG multipass welded round bar, gauge entirely weld metal (6 mm dia, 30 mm). base metal, no loss (RRA 1.02 as reported) | AE68: =IF(AND($U68="reduction of area",$H68="no"),$Y68,"") | AF68: =IF(AND($U68="reduction of area",$H68="yes"),$Y68,"")
A69: MICHLER09-S7 | B69: S4 | C69: Michler 2009 | D69: 316L | F69: 300-series (316/317 type) | G69: bar | H69: no | I69: base metal | M69: gaseous in-situ | N69: 1 | Q69: 323 | R69: 49.9 | T69: tensile | U69: reduction of area | V69: helium | W69: 83 | X69: 63 | Y69: 0.759 | Z69: significant loss | AB69: relative_ratio | AC69: no | AD69: Michler et al. 2009 Table 2. Tested in 1 MPa H2 vs 1 MPa He at 50 C. Steel 7, drawn bar; duplex string-like alpha'/gamma after straining. bar, longitudinal orientation. | AE69: =IF(AND($U69="reduction of area",$H69="no"),$Y69,"") | AF69: =IF(AND($U69="reduction of area",$H69="yes"),$Y69,"")
A70: MICHLER09-S8 | B70: S4 | C70: Michler 2009 | D70: 316L | F70: 300-series (316/317 type) | G70: plate | H70: no | I70: base metal | M70: gaseous in-situ | N70: 1 | Q70: 323 | R70: 49.9 | T70: tensile | U70: reduction of area | V70: helium | W70: 80 | X70: 43 | Y70: 0.537 | Z70: significant loss | AB70: relative_ratio | AC70: no | AD70: Michler et al. 2009 Table 2. Tested in 1 MPa H2 vs 1 MPa He at 50 C. Steel 8, rolled plate; layered alpha'-gamma from Ni macro-segregation 9.5-13 wt%. plate, transverse orientation. | AE70: =IF(AND($U70="reduction of area",$H70="no"),$Y70,"") | AF70: =IF(AND($U70="reduction of area",$H70="yes"),$Y70,"")
A71: NAKA18-AW | B71: S5 | C71: Nakamura 2018 | D71: 317L weld metal | F71: 300-series (316/317 type) | G71: weld | H71: yes | I71: weld metal | J71: GTAW | K71: 317L | M71: gaseous in-situ | N71: 106 | Q71: 228 | R71: -45.1 | T71: tensile | U71: reduction of area | V71: nitrogen | W71: 58 | X71: 32 | Y71: 0.552 | Z71: significant loss | AB71: relative_ratio | AC71: no | AD71: Nakamura et al., Trans. JSME 84(857) 2018, DOI 10.1299/transjsme.17-00437. SSRT at -45 C in 106 MPa H2 gas, reference 0.1 MPa nitrogen. TIG multipass welded round bar, gauge entirely weld metal (6 mm dia, 30 mm). as-welded, columnar dendrites with delta-ferrite; RRA 0.55 as reported; lamellar weld fracture surface | AE71: =IF(AND($U71="reduction of area",$H71="no"),$Y71,"") | AF71: =IF(AND($U71="reduction of area",$H71="yes"),$Y71,"")
A72: NAKA18-ST | B72: S5 | C72: Nakamura 2018 | D72: 317L weld metal | F72: 300-series (316/317 type) | G72: weld | H72: yes | I72: weld metal | J72: GTAW | K72: 317L | M72: gaseous in-situ | N72: 106 | Q72: 228 | R72: -45.1 | T72: tensile | U72: reduction of area | V72: nitrogen | W72: 84 | X72: 76 | Y72: 0.905 | Z72: moderate loss | AB72: relative_ratio | AC72: no | AD72: Nakamura et al., Trans. JSME 84(857) 2018, DOI 10.1299/transjsme.17-00437. SSRT at -45 C in 106 MPa H2 gas, reference 0.1 MPa nitrogen. TIG multipass welded round bar, gauge entirely weld metal (6 mm dia, 30 mm). post-weld solution treated, delta-ferrite removed; RRA 0.90 as reported | AE72: =IF(AND($U72="reduction of area",$H72="no"),$Y72,"") | AF72: =IF(AND($U72="reduction of area",$H72="yes"),$Y72,"")
A73: SAND2012-ch2104-W73 | B73: S2 | C73: San Marchi 2012 | D73: 321 | E73: W73 | F73: 300-series stabilised (321/347) | G73: unknown | H73: no | I73: base metal | M73: gaseous in-situ | N73: 34.5 | Q73: 295 | R73: 21.9 | S73: 6.7e-05 | T73: tensile | U73: reduction of area | V73: helium | W73: 66 | X73: 60 | Y73: 0.909 | Z73: moderate loss | AB73: relative_ratio | AC73: no | AD73: SAND2012-7321 chapter 2104 Table 3.1.1.1. Type 321. Ref [8]. | AE73: =IF(AND($U73="reduction of area",$H73="no"),$Y73,"") | AF73: =IF(AND($U73="reduction of area",$H73="yes"),$Y73,"")
A74: SAND2012-ch2104-H73 | B74: S2 | C74: San Marchi 2012 | D74: 347 | E74: H73 | F74: 300-series stabilised (321/347) | G74: unknown | H74: no | I74: base metal | M74: gaseous in-situ | N74: 34.5 | Q74: 295 | R74: 21.9 | S74: 0.00067 | T74: tensile | U74: reduction of area | V74: helium | W74: 70 | X74: 71 | Y74: 1.014 | Z74: no measurable loss | AB74: relative_ratio | AC74: no | AD74: SAND2012-7321 chapter 2104 Table 3.1.1.1. Type 347; no loss. Ref [7]. | AE74: =IF(AND($U74="reduction of area",$H74="no"),$Y74,"") | AF74: =IF(AND($U74="reduction of area",$H74="yes"),$Y74,"")
A75: SAND2012-ch2104-L72 | B75: S2 | C75: San Marchi 2012 | D75: 347 | E75: L72 | F75: 300-series stabilised (321/347) | G75: unknown | H75: no | I75: base metal | M75: gaseous in-situ | N75: 69 | Q75: 295 | R75: 21.9 | T75: tensile | U75: reduction of area | V75: helium | W75: 80 | X75: 37 | Y75: 0.463 | Z75: significant loss | AB75: relative_ratio | AC75: no | AD75: SAND2012-7321 chapter 2104 Table 3.1.1.1. Type 347, composition not reported; large loss, an outlier among stabilized grades. Ref [13,14]. | AE75: =IF(AND($U75="reduction of area",$H75="no"),$Y75,"") | AF75: =IF(AND($U75="reduction of area",$H75="yes"),$Y75,"")
A76: CASKEY-T11-1-PS | B76: S1 | C76: Caskey 1983 | D76: 21-6-9 | F76: N-strengthened (21-6-9) | G76: unknown | H76: no | I76: base metal | M76: gaseous precharge | N76: 30 | Q76: 295 | R76: 21.9 | T76: tensile | U76: plastic strain to failure | V76: uncharged | W76: 1.2 | X76: 0.76 | Y76: 0.633 | Z76: significant loss | AB76: relative_ratio | AC76: no | AD76: Caskey Table 11, HERF; 30 MPa H2 at 480 K for 56 days then aged 7 years at 250 K; reference = unexposed Composition from Caskey Table A-1 (nominal). | AE76: =IF(AND($U76="reduction of area",$H76="no"),$Y76,"") | AF76: =IF(AND($U76="reduction of area",$H76="yes"),$Y76,"")
A77: CASKEY-T3-5-EL | B77: S1 | C77: Caskey 1983 | D77: 21-6-9 | F77: N-strengthened (21-6-9) | G77: unknown | H77: no | I77: base metal | M77: gaseous in-situ | N77: 69 | Q77: 295 | R77: 21.9 | T77: tensile | U77: elongation | V77: helium | W77: 58 | X77: 59 | Y77: 1.017 | Z77: no measurable loss | AB77: relative_ratio | AC77: yes | AD77: Caskey DP-1643 Table 3. Condition: annealed. Reference environment 69 MPa helium, not air. Composition from Caskey Table A-1 (nominal). | AE77: =IF(AND($U77="reduction of area",$H77="no"),$Y77,"") | AF77: =IF(AND($U77="reduction of area",$H77="yes"),$Y77,"")
A78: CASKEY-T3-5-RA | B78: S1 | C78: Caskey 1983 | D78: 21-6-9 | F78: N-strengthened (21-6-9) | G78: unknown | H78: no | I78: base metal | M78: gaseous in-situ | N78: 69 | Q78: 295 | R78: 21.9 | T78: tensile | U78: reduction of area | V78: helium | W78: 78 | X78: 77 | Y78: 0.987 | Z78: no measurable loss | AB78: relative_ratio | AC78: yes | AD78: Caskey DP-1643 Table 3. Condition: annealed. Reference environment 69 MPa helium, not air. Composition from Caskey Table A-1 (nominal). | AE78: =IF(AND($U78="reduction of area",$H78="no"),$Y78,"") | AF78: =IF(AND($U78="reduction of area",$H78="yes"),$Y78,"")
A79: CASKEY-T3-6-EL | B79: S1 | C79: Caskey 1983 | D79: 21-6-9 | F79: N-strengthened (21-6-9) | G79: unknown | H79: no | I79: base metal | M79: gaseous in-situ | N79: 69 | Q79: 295 | R79: 21.9 | T79: tensile | U79: elongation | V79: helium | W79: 34 | X79: 30 | Y79: 0.882 | Z79: moderate loss | AB79: relative_ratio | AC79: yes | AD79: Caskey DP-1643 Table 3. Condition: HERF. Reference environment 69 MPa helium, not air. Composition from Caskey Table A-1 (nominal). | AE79: =IF(AND($U79="reduction of area",$H79="no"),$Y79,"") | AF79: =IF(AND($U79="reduction of area",$H79="yes"),$Y79,"")
A80: CASKEY-T3-6-RA | B80: S1 | C80: Caskey 1983 | D80: 21-6-9 | F80: N-strengthened (21-6-9) | G80: unknown | H80: no | I80: base metal | M80: gaseous in-situ | N80: 69 | Q80: 295 | R80: 21.9 | T80: tensile | U80: reduction of area | V80: helium | W80: 75 | X80: 73 | Y80: 0.973 | Z80: no measurable loss | AB80: relative_ratio | AC80: yes | AD80: Caskey DP-1643 Table 3. Condition: HERF. Reference environment 69 MPa helium, not air. Composition from Caskey Table A-1 (nominal). | AE80: =IF(AND($U80="reduction of area",$H80="no"),$Y80,"") | AF80: =IF(AND($U80="reduction of area",$H80="yes"),$Y80,"")
A81: SAND2012-ch2202-T431-B1-EL | B81: S2 | C81: San Marchi 2012 | D81: 21-6-9/21-6-9 weld | F81: N-strengthened (21-6-9) | G81: weld | H81: yes | I81: whole joint | J81: GTAW | K81: 21-6-9 | M81: gaseous in-situ | N81: 69 | Q81: 295 | R81: 21.9 | S81: 0.00033 | T81: tensile | U81: elongation | V81: air | W81: 19 | X81: 22 | Y81: 1.158 | Z81: no measurable loss | AB81: relative_ratio | AC81: no | AD81: SAND2012-7321 chapter 2202 Table 4.3.1. 21-6-9 HERF base with 21-6-9 filler, GTA composite weld, heat B83bw. Ref [24]. external hydrogen only | AE81: =IF(AND($U81="reduction of area",$H81="no"),$Y81,"") | AF81: =IF(AND($U81="reduction of area",$H81="yes"),$Y81,"")
A82: SAND2012-ch2202-T431-B1-RA | B82: S2 | C82: San Marchi 2012 | D82: 21-6-9/21-6-9 weld | F82: N-strengthened (21-6-9) | G82: weld | H82: yes | I82: whole joint | J82: GTAW | K82: 21-6-9 | M82: gaseous in-situ | N82: 69 | Q82: 295 | R82: 21.9 | S82: 0.00033 | T82: tensile | U82: reduction of area | V82: air | W82: 60 | X82: 75 | Y82: 1.25 | Z82: no measurable loss | AB82: relative_ratio | AC82: no | AD82: SAND2012-7321 chapter 2202 Table 4.3.1. 21-6-9 HERF base with 21-6-9 filler, GTA composite weld, heat B83bw. Ref [24]. external hydrogen only | AE82: =IF(AND($U82="reduction of area",$H82="no"),$Y82,"") | AF82: =IF(AND($U82="reduction of area",$H82="yes"),$Y82,"")
A83: SAND2012-ch2202-T431-B2-EL | B83: S2 | C83: San Marchi 2012 | D83: 21-6-9/21-6-9 weld | F83: N-strengthened (21-6-9) | G83: weld | H83: yes | I83: whole joint | J83: GTAW | K83: 21-6-9 | M83: gaseous in-situ | N83: 172 | Q83: 295 | R83: 21.9 | S83: 0.00033 | T83: tensile | U83: elongation | V83: air | W83: 19 | X83: 20 | Y83: 1.053 | Z83: no measurable loss | AB83: relative_ratio | AC83: no | AD83: SAND2012-7321 chapter 2202 Table 4.3.1. 21-6-9 HERF base with 21-6-9 filler, GTA composite weld, heat B83bw. Ref [24]. external hydrogen only | AE83: =IF(AND($U83="reduction of area",$H83="no"),$Y83,"") | AF83: =IF(AND($U83="reduction of area",$H83="yes"),$Y83,"")
A84: SAND2012-ch2202-T431-B2-RA | B84: S2 | C84: San Marchi 2012 | D84: 21-6-9/21-6-9 weld | F84: N-strengthened (21-6-9) | G84: weld | H84: yes | I84: whole joint | J84: GTAW | K84: 21-6-9 | M84: gaseous in-situ | N84: 172 | Q84: 295 | R84: 21.9 | S84: 0.00033 | T84: tensile | U84: reduction of area | V84: air | W84: 60 | X84: 69 | Y84: 1.15 | Z84: no measurable loss | AB84: relative_ratio | AC84: no | AD84: SAND2012-7321 chapter 2202 Table 4.3.1. 21-6-9 HERF base with 21-6-9 filler, GTA composite weld, heat B83bw. Ref [24]. external hydrogen only | AE84: =IF(AND($U84="reduction of area",$H84="no"),$Y84,"") | AF84: =IF(AND($U84="reduction of area",$H84="yes"),$Y84,"")
A85: SAND2012-ch2202-T431-B3-EL | B85: S2 | C85: San Marchi 2012 | D85: 21-6-9/21-6-9 weld | F85: N-strengthened (21-6-9) | G85: weld | H85: yes | I85: whole joint | J85: GTAW | K85: 21-6-9 | M85: gaseous precharge | N85: 0.1 | O85: 45 | P85: 240 | Q85: 295 | R85: 21.9 | S85: 0.00033 | T85: tensile | U85: elongation | V85: air | W85: 19 | X85: 18 | Y85: 0.947 | Z85: moderate loss | AB85: relative_ratio | AC85: no | AD85: SAND2012-7321 chapter 2202 Table 4.3.1. 21-6-9 HERF base with 21-6-9 filler, GTA composite weld, heat B83bw. Ref [24]. precharged then tested | AE85: =IF(AND($U85="reduction of area",$H85="no"),$Y85,"") | AF85: =IF(AND($U85="reduction of area",$H85="yes"),$Y85,"")
A86: SAND2012-ch2202-T431-B3-RA | B86: S2 | C86: San Marchi 2012 | D86: 21-6-9/21-6-9 weld | F86: N-strengthened (21-6-9) | G86: weld | H86: yes | I86: whole joint | J86: GTAW | K86: 21-6-9 | M86: gaseous precharge | N86: 0.1 | O86: 45 | P86: 240 | Q86: 295 | R86: 21.9 | S86: 0.00033 | T86: tensile | U86: reduction of area | V86: air | W86: 60 | X86: 56 | Y86: 0.933 | Z86: moderate loss | AB86: relative_ratio | AC86: no | AD86: SAND2012-7321 chapter 2202 Table 4.3.1. 21-6-9 HERF base with 21-6-9 filler, GTA composite weld, heat B83bw. Ref [24]. precharged then tested | AE86: =IF(AND($U86="reduction of area",$H86="no"),$Y86,"") | AF86: =IF(AND($U86="reduction of area",$H86="yes"),$Y86,"")
A87: SAND2012-ch2202-T431-B4-RA | B87: S2 | C87: San Marchi 2012 | D87: 21-6-9/21-6-9 weld | F87: N-strengthened (21-6-9) | G87: weld | H87: yes | I87: whole joint | J87: GTAW | K87: 21-6-9 | M87: gaseous precharge | N87: 69 | O87: 45 | P87: 240 | Q87: 295 | R87: 21.9 | S87: 0.00033 | T87: tensile | U87: reduction of area | V87: air | W87: 60 | X87: 50 | Y87: 0.833 | Z87: moderate loss | AB87: relative_ratio | AC87: no | AD87: SAND2012-7321 chapter 2202 Table 4.3.1. 21-6-9 HERF base with 21-6-9 filler, GTA composite weld, heat B83bw. Ref [24]. precharged then tested | AE87: =IF(AND($U87="reduction of area",$H87="no"),$Y87,"") | AF87: =IF(AND($U87="reduction of area",$H87="yes"),$Y87,"")
A88: SAND2012-ch2202-T431-B5-EL | B88: S2 | C88: San Marchi 2012 | D88: 21-6-9/21-6-9 weld | F88: N-strengthened (21-6-9) | G88: weld | H88: yes | I88: whole joint | J88: GTAW | K88: 21-6-9 | M88: gaseous precharge | N88: 0.1 | O88: 72 | P88: 240 | Q88: 295 | R88: 21.9 | S88: 0.00033 | T88: tensile | U88: elongation | V88: air | W88: 19 | X88: 16 | Y88: 0.842 | Z88: moderate loss | AB88: relative_ratio | AC88: no | AD88: SAND2012-7321 chapter 2202 Table 4.3.1. 21-6-9 HERF base with 21-6-9 filler, GTA composite weld, heat B83bw. Ref [24]. precharged then tested | AE88: =IF(AND($U88="reduction of area",$H88="no"),$Y88,"") | AF88: =IF(AND($U88="reduction of area",$H88="yes"),$Y88,"")
A89: SAND2012-ch2202-T431-B5-RA | B89: S2 | C89: San Marchi 2012 | D89: 21-6-9/21-6-9 weld | F89: N-strengthened (21-6-9) | G89: weld | H89: yes | I89: whole joint | J89: GTAW | K89: 21-6-9 | M89: gaseous precharge | N89: 0.1 | O89: 72 | P89: 240 | Q89: 295 | R89: 21.9 | S89: 0.00033 | T89: tensile | U89: reduction of area | V89: air | W89: 60 | X89: 50 | Y89: 0.833 | Z89: moderate loss | AB89: relative_ratio | AC89: no | AD89: SAND2012-7321 chapter 2202 Table 4.3.1. 21-6-9 HERF base with 21-6-9 filler, GTA composite weld, heat B83bw. Ref [24]. precharged then tested | AE89: =IF(AND($U89="reduction of area",$H89="no"),$Y89,"") | AF89: =IF(AND($U89="reduction of area",$H89="yes"),$Y89,"")
A90: SAND2012-ch2202-T431-B6-EL | B90: S2 | C90: San Marchi 2012 | D90: 21-6-9/21-6-9 weld | F90: N-strengthened (21-6-9) | G90: weld | H90: yes | I90: whole joint | J90: GTAW | K90: 21-6-9 | M90: gaseous precharge | N90: 172 | O90: 72 | P90: 240 | Q90: 295 | R90: 21.9 | S90: 0.00033 | T90: tensile | U90: elongation | V90: air | W90: 19 | X90: 17 | Y90: 0.895 | Z90: moderate loss | AB90: relative_ratio | AC90: no | AD90: SAND2012-7321 chapter 2202 Table 4.3.1. 21-6-9 HERF base with 21-6-9 filler, GTA composite weld, heat B83bw. Ref [24]. precharged then tested | AE90: =IF(AND($U90="reduction of area",$H90="no"),$Y90,"") | AF90: =IF(AND($U90="reduction of area",$H90="yes"),$Y90,"")
A91: SAND2012-ch2202-T431-B6-RA | B91: S2 | C91: San Marchi 2012 | D91: 21-6-9/21-6-9 weld | F91: N-strengthened (21-6-9) | G91: weld | H91: yes | I91: whole joint | J91: GTAW | K91: 21-6-9 | M91: gaseous precharge | N91: 172 | O91: 72 | P91: 240 | Q91: 295 | R91: 21.9 | S91: 0.00033 | T91: tensile | U91: reduction of area | V91: air | W91: 60 | X91: 49 | Y91: 0.817 | Z91: moderate loss | AB91: relative_ratio | AC91: no | AD91: SAND2012-7321 chapter 2202 Table 4.3.1. 21-6-9 HERF base with 21-6-9 filler, GTA composite weld, heat B83bw. Ref [24]. precharged then tested | AE91: =IF(AND($U91="reduction of area",$H91="no"),$Y91,"") | AF91: =IF(AND($U91="reduction of area",$H91="yes"),$Y91,"")
A92: SAND2012-ch2202-T431-A1-EL | B92: S2 | C92: San Marchi 2012 | D92: 21-6-9/308L weld | F92: N-strengthened (21-6-9) | G92: weld | H92: yes | I92: whole joint | J92: GTAW | K92: ER308L | M92: gaseous in-situ | N92: 69 | Q92: 295 | R92: 21.9 | S92: 0.00033 | T92: tensile | U92: elongation | V92: air | W92: 14 | X92: 14 | Y92: 1 | Z92: no measurable loss | AB92: relative_ratio | AC92: no | AD92: SAND2012-7321 chapter 2202 Table 4.3.1. 21-6-9 HERF base with ER308L filler, GTA composite weld, heat B83aw. Ref [24]. external hydrogen only | AE92: =IF(AND($U92="reduction of area",$H92="no"),$Y92,"") | AF92: =IF(AND($U92="reduction of area",$H92="yes"),$Y92,"")
A93: SAND2012-ch2202-T431-A1-RA | B93: S2 | C93: San Marchi 2012 | D93: 21-6-9/308L weld | F93: N-strengthened (21-6-9) | G93: weld | H93: yes | I93: whole joint | J93: GTAW | K93: ER308L | M93: gaseous in-situ | N93: 69 | Q93: 295 | R93: 21.9 | S93: 0.00033 | T93: tensile | U93: reduction of area | V93: air | W93: 54 | X93: 57 | Y93: 1.056 | Z93: no measurable loss | AB93: relative_ratio | AC93: no | AD93: SAND2012-7321 chapter 2202 Table 4.3.1. 21-6-9 HERF base with ER308L filler, GTA composite weld, heat B83aw. Ref [24]. external hydrogen only | AE93: =IF(AND($U93="reduction of area",$H93="no"),$Y93,"") | AF93: =IF(AND($U93="reduction of area",$H93="yes"),$Y93,"")
A94: SAND2012-ch2202-T431-A2-EL | B94: S2 | C94: San Marchi 2012 | D94: 21-6-9/308L weld | F94: N-strengthened (21-6-9) | G94: weld | H94: yes | I94: whole joint | J94: GTAW | K94: ER308L | M94: gaseous in-situ | N94: 172 | Q94: 295 | R94: 21.9 | S94: 0.00033 | T94: tensile | U94: elongation | V94: air | W94: 14 | X94: 15 | Y94: 1.071 | Z94: no measurable loss | AB94: relative_ratio | AC94: no | AD94: SAND2012-7321 chapter 2202 Table 4.3.1. 21-6-9 HERF base with ER308L filler, GTA composite weld, heat B83aw. Ref [24]. external hydrogen only | AE94: =IF(AND($U94="reduction of area",$H94="no"),$Y94,"") | AF94: =IF(AND($U94="reduction of area",$H94="yes"),$Y94,"")
A95: SAND2012-ch2202-T431-A2-RA | B95: S2 | C95: San Marchi 2012 | D95: 21-6-9/308L weld | F95: N-strengthened (21-6-9) | G95: weld | H95: yes | I95: whole joint | J95: GTAW | K95: ER308L | M95: gaseous in-situ | N95: 172 | Q95: 295 | R95: 21.9 | S95: 0.00033 | T95: tensile | U95: reduction of area | V95: air | W95: 54 | X95: 61 | Y95: 1.13 | Z95: no measurable loss | AB95: relative_ratio | AC95: no | AD95: SAND2012-7321 chapter 2202 Table 4.3.1. 21-6-9 HERF base with ER308L filler, GTA composite weld, heat B83aw. Ref [24]. external hydrogen only | AE95: =IF(AND($U95="reduction of area",$H95="no"),$Y95,"") | AF95: =IF(AND($U95="reduction of area",$H95="yes"),$Y95,"")
A96: SAND2012-ch2202-T431-A3-EL | B96: S2 | C96: San Marchi 2012 | D96: 21-6-9/308L weld | F96: N-strengthened (21-6-9) | G96: weld | H96: yes | I96: whole joint | J96: GTAW | K96: ER308L | M96: gaseous precharge | N96: 0.1 | O96: 45 | P96: 240 | Q96: 295 | R96: 21.9 | S96: 0.00033 | T96: tensile | U96: elongation | V96: air | W96: 14 | X96: 12 | Y96: 0.857 | Z96: moderate loss | AB96: relative_ratio | AC96: no | AD96: SAND2012-7321 chapter 2202 Table 4.3.1. 21-6-9 HERF base with ER308L filler, GTA composite weld, heat B83aw. Ref [24]. precharged then tested | AE96: =IF(AND($U96="reduction of area",$H96="no"),$Y96,"") | AF96: =IF(AND($U96="reduction of area",$H96="yes"),$Y96,"")
A97: SAND2012-ch2202-T431-A3-RA | B97: S2 | C97: San Marchi 2012 | D97: 21-6-9/308L weld | F97: N-strengthened (21-6-9) | G97: weld | H97: yes | I97: whole joint | J97: GTAW | K97: ER308L | M97: gaseous precharge | N97: 0.1 | O97: 45 | P97: 240 | Q97: 295 | R97: 21.9 | S97: 0.00033 | T97: tensile | U97: reduction of area | V97: air | W97: 54 | X97: 49 | Y97: 0.907 | Z97: moderate loss | AB97: relative_ratio | AC97: no | AD97: SAND2012-7321 chapter 2202 Table 4.3.1. 21-6-9 HERF base with ER308L filler, GTA composite weld, heat B83aw. Ref [24]. precharged then tested | AE97: =IF(AND($U97="reduction of area",$H97="no"),$Y97,"") | AF97: =IF(AND($U97="reduction of area",$H97="yes"),$Y97,"")
A98: SAND2012-ch2202-T431-A4-RA | B98: S2 | C98: San Marchi 2012 | D98: 21-6-9/308L weld | F98: N-strengthened (21-6-9) | G98: weld | H98: yes | I98: whole joint | J98: GTAW | K98: ER308L | M98: gaseous precharge | N98: 69 | O98: 45 | P98: 240 | Q98: 295 | R98: 21.9 | S98: 0.00033 | T98: tensile | U98: reduction of area | V98: air | W98: 54 | X98: 43 | Y98: 0.796 | Z98: significant loss | AB98: relative_ratio | AC98: no | AD98: SAND2012-7321 chapter 2202 Table 4.3.1. 21-6-9 HERF base with ER308L filler, GTA composite weld, heat B83aw. Ref [24]. precharged then tested | AE98: =IF(AND($U98="reduction of area",$H98="no"),$Y98,"") | AF98: =IF(AND($U98="reduction of area",$H98="yes"),$Y98,"")
A99: SAND2012-ch2202-T431-A5-EL | B99: S2 | C99: San Marchi 2012 | D99: 21-6-9/308L weld | F99: N-strengthened (21-6-9) | G99: weld | H99: yes | I99: whole joint | J99: GTAW | K99: ER308L | M99: gaseous precharge | N99: 0.1 | O99: 72 | P99: 240 | Q99: 295 | R99: 21.9 | S99: 0.00033 | T99: tensile | U99: elongation | V99: air | W99: 14 | X99: 12 | Y99: 0.857 | Z99: moderate loss | AB99: relative_ratio | AC99: no | AD99: SAND2012-7321 chapter 2202 Table 4.3.1. 21-6-9 HERF base with ER308L filler, GTA composite weld, heat B83aw. Ref [24]. precharged then tested | AE99: =IF(AND($U99="reduction of area",$H99="no"),$Y99,"") | AF99: =IF(AND($U99="reduction of area",$H99="yes"),$Y99,"")
A100: SAND2012-ch2202-T431-A5-RA | B100: S2 | C100: San Marchi 2012 | D100: 21-6-9/308L weld | F100: N-strengthened (21-6-9) | G100: weld | H100: yes | I100: whole joint | J100: GTAW | K100: ER308L | M100: gaseous precharge | N100: 0.1 | O100: 72 | P100: 240 | Q100: 295 | R100: 21.9 | S100: 0.00033 | T100: tensile | U100: reduction of area | V100: air | W100: 54 | X100: 44 | Y100: 0.815 | Z100: moderate loss | AB100: relative_ratio | AC100: no | AD100: SAND2012-7321 chapter 2202 Table 4.3.1. 21-6-9 HERF base with ER308L filler, GTA composite weld, heat B83aw. Ref [24]. precharged then tested | AE100: =IF(AND($U100="reduction of area",$H100="no"),$Y100,"") | AF100: =IF(AND($U100="reduction of area",$H100="yes"),$Y100,"")
...

Sheet Summary
A1: HE-Austenite v1.0 — summary
A2: Gaseous hydrogen only. All figures below are live formulas over the Data sheet.
A4: Counts
A5: Total records | B5: =COUNTA(Data!A2:A114)
A6: Reduction-of-area rows | B6: =COUNT(Data!AE2:AE114)+COUNT(Data!AF2:AF114)
A7: Weld rows | B7: =COUNTIF(Data!H2:H114,"yes")
A8: Base metal rows | B8: =COUNTIF(Data!H2:H114,"no")
A9: Rows independently re-extracted and matched | B9: =COUNTIF(Data!AC2:AC114,"yes")
A11: Median RRA
A12: Base metal | B12: =MEDIAN(Data!AE2:AE114)
A13: Welds | B13: =MEDIAN(Data!AF2:AF114)
A15: By material family
A16: Family | B16: RA rows | C16: Mean RRA | D16: Rows with significant loss (RRA < 0.80)
A17: 300-series (304 type) | B17: =COUNTIFS(Data!$F$2:$F$114,A17,Data!$U$2:$U$114,"reduction of area") | C17: =IFERROR(AVERAGEIFS(Data!$Y$2:$Y$114,Data!$F$2:$F$114,A17,Data!$U$2:$U$114,"reduction of area"),"") | D17: =COUNTIFS(Data!$F$2:$F$114,A17,Data!$U$2:$U$114,"reduction of area",Data!$Z$2:$Z$114,"significant loss")
A18: 300-series (316/317 type) | B18: =COUNTIFS(Data!$F$2:$F$114,A18,Data!$U$2:$U$114,"reduction of area") | C18: =IFERROR(AVERAGEIFS(Data!$Y$2:$Y$114,Data!$F$2:$F$114,A18,Data!$U$2:$U$114,"reduction of area"),"") | D18: =COUNTIFS(Data!$F$2:$F$114,A18,Data!$U$2:$U$114,"reduction of area",Data!$Z$2:$Z$114,"significant loss")
A19: 300-series stabilised (321/347) | B19: =COUNTIFS(Data!$F$2:$F$114,A19,Data!$U$2:$U$114,"reduction of area") | C19: =IFERROR(AVERAGEIFS(Data!$Y$2:$Y$114,Data!$F$2:$F$114,A19,Data!$U$2:$U$114,"reduction of area"),"") | D19: =COUNTIFS(Data!$F$2:$F$114,A19,Data!$U$2:$U$114,"reduction of area",Data!$Z$2:$Z$114,"significant loss")
A20: N-strengthened (21-6-9) | B20: =COUNTIFS(Data!$F$2:$F$114,A20,Data!$U$2:$U$114,"reduction of area") | C20: =IFERROR(AVERAGEIFS(Data!$Y$2:$Y$114,Data!$F$2:$F$114,A20,Data!$U$2:$U$114,"reduction of area"),"") | D20: =COUNTIFS(Data!$F$2:$F$114,A20,Data!$U$2:$U$114,"reduction of area",Data!$Z$2:$Z$114,"significant loss")
A21: N-strengthened (22-13-5) | B21: =COUNTIFS(Data!$F$2:$F$114,A21,Data!$U$2:$U$114,"reduction of area") | C21: =IFERROR(AVERAGEIFS(Data!$Y$2:$Y$114,Data!$F$2:$F$114,A21,Data!$U$2:$U$114,"reduction of area"),"") | D21: =COUNTIFS(Data!$F$2:$F$114,A21,Data!$U$2:$U$114,"reduction of area",Data!$Z$2:$Z$114,"significant loss")
A22: duplex | B22: =COUNTIFS(Data!$F$2:$F$114,A22,Data!$U$2:$U$114,"reduction of area") | C22: =IFERROR(AVERAGEIFS(Data!$Y$2:$Y$114,Data!$F$2:$F$114,A22,Data!$U$2:$U$114,"reduction of area"),"") | D22: =COUNTIFS(Data!$F$2:$F$114,A22,Data!$U$2:$U$114,"reduction of area",Data!$Z$2:$Z$114,"significant loss")
A23: high-Ni austenitic (310) | B23: =COUNTIFS(Data!$F$2:$F$114,A23,Data!$U$2:$U$114,"reduction of area") | C23: =IFERROR(AVERAGEIFS(Data!$Y$2:$Y$114,Data!$F$2:$F$114,A23,Data!$U$2:$U$114,"reduction of area"),"") | D23: =COUNTIFS(Data!$F$2:$F$114,A23,Data!$U$2:$U$114,"reduction of area",Data!$Z$2:$Z$114,"significant loss")
A24: precipitation-strengthened (A286) | B24: =COUNTIFS(Data!$F$2:$F$114,A24,Data!$U$2:$U$114,"reduction of area") | C24: =IFERROR(AVERAGEIFS(Data!$Y$2:$Y$114,Data!$F$2:$F$114,A24,Data!$U$2:$U$114,"reduction of area"),"") | D24: =COUNTIFS(Data!$F$2:$F$114,A24,Data!$U$2:$U$114,"reduction of area",Data!$Z$2:$Z$114,"significant loss")

Sheet Data dictionary
A1: Column | B1: Meaning | C1: Units / values | D1: Records populated
A2: record_id | B2: Unique id: source, table, row | D2: 113 of 113
A3: source_id | B3: Key into the Sources sheet | D3: 113 of 113
A4: source_short | B4: Author and year | D4: 113 of 113
A5: alloy | B5: Alloy designation, standardised | D5: 113 of 113
A6: heat | B6: Heat or cast id where reported | D6: 16 of 113
A7: material_family | B7: Grouping used for analysis | D7: 113 of 113
A8: product_form | B8: plate, bar, sheet, tube, weld | D8: 113 of 113
A9: is_weld | B9: Gauge section contains weld metal | C9: yes / no | D9: 113 of 113
A10: zone | B10: Part of the joint tested | C10: base metal / weld metal / HAZ / whole joint | D10: 113 of 113
A11: weld_process | B11: Welding process | C11: GTAW, GMAW, PAW, EBW, laser | D11: 60 of 113
A12: filler_metal | B12: Filler wire | D12: 50 of 113
A13: ferrite_number | B13: Ferrite number where reported | C13: FN | D13: 2 of 113
A14: hydrogen_exposure | B14: How hydrogen was introduced | C14: gaseous in-situ / gaseous precharge | D14: 113 of 113
A15: h2_pressure_MPa | B15: Hydrogen gas pressure | C15: MPa | D15: 104 of 113
A16: hydrogen_content_wppm | B16: Hydrogen content | C16: wt ppm | D16: 52 of 113
A17: charging_time_h | B17: Precharging duration | C17: hours | D17: 45 of 113
A18: test_temperature_K | B18: Test temperature | C18: K | D18: 113 of 113
A19: test_temperature_C | B19: Test temperature | C19: deg C | D19: 113 of 113
A20: strain_rate_per_s | B20: Nominal strain rate | C20: 1/s | D20: 64 of 113
A21: test_type | B21: Test method | C21: tensile / SSRT | D21: 113 of 113
A22: property_name | B22: Property measured | D22: 113 of 113
A23: reference_environment | B23: What hydrogen is compared against | C23: air / helium / nitrogen / argon / uncharged | D23: 113 of 113
A24: property_reference | B24: Value in the reference environment | C24: % or MPa | D24: 103 of 113
A25: property_h2 | B25: Value in or after hydrogen | C25: % or MPa | D25: 103 of 113
A26: relative_ratio | B26: property_h2 / property_reference, or the ratio as the source printed it where absolute values were not given | C26: 1.0 = no loss | D26: 113 of 113
A27: embrittlement_flag | B27: Banding of relative_ratio | C27: no measurable loss >=0.95 / moderate 0.80-0.95 / significant <0.80 | D27: 113 of 113
A28: ni_equivalent | B28: Nickel equivalent (Hirayama) where composition was reported | C28: wt % | D28: 14 of 113
A29: derived | B29: Fields computed rather than reported | D29: 113 of 113
A30: verified | B30: Independently re-extracted and matched | C30: yes / no | D30: 113 of 113
A31: notes | B31: Source table, conditions, caveats | D31: 113 of 113

Sheet Sources
A1: Source id | B1: Citation | C1: Link | D1: Access
A2: S1 | B2: Caskey GR Jr. Hydrogen Compatibility Handbook for Stainless Steels. DP-1643, Savannah River Laboratory, June 1983. | C2: https://www.osti.gov/biblio/5906050 | D2: open
A3: S2 | B3: San Marchi C, Somerday BP (eds). Technical Reference on Hydrogen Compatibility of Materials. SAND2012-7321, Sandia National Laboratories, 2012. | C3: https://h2tools.org/technical-reference | D3: open
A4: S3 | B4: Balch DK, San Marchi C, et al. Effect of hydrogen on tensile strength and ductility of multipass 304L/308L welds. PVP2015-45591, ASME, 2015. | D4: paywalled
A5: S4 | B5: Michler T, Lee Y, Gangloff RP, Naumann J. Influence of macro segregation on hydrogen environment embrittlement of SUS 316L. Int J Hydrogen Energy 34(7) 2009: 3201-3209. | C5: https://doi.org/10.1016/j.ijhydene.2009.02.015 | D5: paywalled
A6: S5 | B6: Nakamura J, Okazaki S, Matsunaga H, Matsuoka S. SSRT and fatigue life properties of 317L weld metal in high-pressure hydrogen gas. Trans JSME 84(857) 2018 (Japanese). | C6: https://doi.org/10.1299/transjsme.17-00437 | D6: open
A7: S6 | B7: Younes CM, Steele AM, Nicholson JA, Barnett CJ. Influence of hydrogen content on the tensile properties and fracture of austenitic stainless steel welds. Int J Hydrogen Energy 38 2013: 4864-4876. | D7: paywalled
A8: S7 | B8: Iyer KJL. The influence of hydrogen on the mechanical properties and structure of a stable 304 stainless steel. Canadian Metallurgical Quarterly, 1989. | D8: paywalled
A9: S8 | B9: Fukunaga A. Hydrogen embrittlement behaviors during SSRT tests in gaseous hydrogen for cold-worked type 316 and A286 used in hydrogen refueling stations. Eng Failure Analysis 160 (2024) 108158. | C9: https://doi.org/10.1016/j.engfailanal.2024.108158 | D9: paywalled
A10: S9 | B10: Matsuoka S, Yamabe J, Matsunaga H. Hydrogen-induced ductility loss of austenitic stainless steels for SSRT in high-pressure hydrogen gas. Solid State Phenomena 258 (2017) 259-264. | C10: https://doi.org/10.4028/www.scientific.net/SSP.258.259 | D10: paywalled

Sheet Extraction log
A1: Source | B1: Status | C1: Reason
A2: Caskey DP-1643 | B2: extracted | C2: Tables 3, 6, 10, 11; compositions from Table A-1. Remaining data is in figures.
A3: SAND2012-7321 chapters 2101, 2103, 2104, 2201, 2202, 1600 | B3: extracted | C3: Smooth and notched tensile tables plus weld tables.
A4: Balch 2015 | B4: extracted | C4: Table 3, all six weld positions, both orientations.
A5: Nakamura 2018 | B5: extracted | C5: Base metal and 317L weld metal, as-welded and solution-treated.
A6: Michler 2009 | B6: extracted | C6: Table 2, two heats of 316L.
A7: Younes 2013 | B7: extracted | C7: Table 4, RA loss at three hydrogen contents.
A8: Iyer 1989 | B8: extracted | C8: Table 1; charged in Ar-3%H2 gas at 1050 C, so in scope.
A9: Fukunaga 2024 | B9: extracted | C9: 316CW and A286 values given in the text.
A10: Matsuoka 2017 (SSP) | B10: partly extracted | C10: Only the Type 304 room-temperature RRA (0.37) is numeric; the RRA vs Nieq data is figure-only.
A11: Yamabe 2017 | B11: not extracted | C11: RRA appears only in figures. Ten steels with Nieq already computed; the best candidate for digitisation.
A12: Zhang 2013 | B12: not extracted | C12: RRA vs prestrain and Nieq is figure-only.
... A21: Fu 2020, Zhou 2022/2024, Yun 2023, Choi 2024, Xu 2021, Astafurova 2023, Maritsa 2026, Sabzi 2025, Zhou 2023 (PAW 304), Hempel 2022 (CrMnNi PTIG) | B21: excluded | C21: Electrochemical or cathodic charging, outside the gaseous-hydrogen scope.
